{"elements":[{"from":[7.7589803,6.857143,8.118181],"to":[10.044695,9.142858,9.832467],"rotation":{"angle":22.5,"axis":"y","origin":[7.7589803,8.0,9.261039]},"faces":{"south":{"uv":[4.75,10.125,5.25,10.625],"rotation":0,"texture":"#0","tintindex":0},"north":{"uv":[9.0,3.5,9.5,4.0],"rotation":0,"texture":"#0","tintindex":0},"down":{"uv":[8.875,12.875,8.375,13.25],"rotation":0,"texture":"#0","tintindex":0},"east":{"uv":[4.125,12.875,4.5,13.375],"rotation":0,"texture":"#0","tintindex":0},"west":{"uv":[4.5,12.875,4.875,13.375],"rotation":0,"texture":"#0","tintindex":0},"up":{"uv":[8.375,13.25,7.875,12.875],"rotation":0,"texture":"#0","tintindex":0}}},{"from":[8.240425,6.5714283,8.467944],"to":[10.526139,7.714286,10.18223],"rotation":{"angle":-22.5,"axis":"y","origin":[9.097568,8.571428,9.325088]},"faces":{"south":{"uv":[11.625,6.0,12.125,6.25],"rotation":0,"texture":"#0","tintindex":0},"north":{"uv":[11.5,7.0,12.0,7.25],"rotation":0,"texture":"#0","tintindex":0},"down":{"uv":[10.375,12.875,9.875,13.25],"rotation":0,"texture":"#0","tintindex":0},"east":{"uv":[13.625,0.625,14.0,0.875],"rotation":0,"texture":"#0","tintindex":0},"west":{"uv":[0.75,13.625,1.125,13.875],"rotation":0,"texture":"#0","tintindex":0},"up":{"uv":[13.375,10.0,12.875,9.625],"rotation":0,"texture":"#0","tintindex":0}}},{"from":[8.240425,8.285714,8.467944],"to":[10.526139,9.428572,10.18223],"rotation":{"angle":-22.5,"axis":"y","origin":[9.097568,8.571428,9.325088]},"faces":{"south":{"uv":[11.375,4.375,11.875,4.625],"rotation":0,"texture":"#0","tintindex":0},"north":{"uv":[10.25,5.625,10.75,5.875],"rotation":0,"texture":"#0","tintindex":0},"down":{"uv":[9.875,12.875,9.375,13.25],"rotation":0,"texture":"#0","tintindex":0},"east":{"uv":[0.375,13.625,0.75,13.875],"rotation":0,"texture":"#0","tintindex":0},"west":{"uv":[13.625,0.375,14.0,0.625],"rotation":0,"texture":"#0","tintindex":0},"up":{"uv":[9.375,13.25,8.875,12.875],"rotation":0,"texture":"#0","tintindex":0}}}],"textures":{"0":"modelengine:entity/golem"},"display":{"head":{"translation":[0.0,-6.4,0.0],"scale":[4.0,4.0,4.0]}}}