{"elements":[{"from":[5.4738607,8.285714,8.467944],"to":[7.759575,9.428572,10.18223],"rotation":{"angle":22.5,"axis":"y","origin":[6.902432,8.571428,9.325088]},"faces":{"south":{"uv":[13.5,1.75,14.0,2.0],"rotation":0,"texture":"#0","tintindex":0},"north":{"uv":[13.25,11.875,13.75,12.125],"rotation":0,"texture":"#0","tintindex":0},"down":{"uv":[13.5,4.125,13.0,4.5],"rotation":0,"texture":"#0","tintindex":0},"east":{"uv":[9.25,13.625,9.625,13.875],"rotation":0,"texture":"#0","tintindex":0},"west":{"uv":[9.625,13.625,10.0,13.875],"rotation":0,"texture":"#0","tintindex":0},"up":{"uv":[13.5,4.125,13.0,3.75],"rotation":0,"texture":"#0","tintindex":0}}},{"from":[5.4738607,6.5714283,8.467944],"to":[7.759575,7.714286,10.18223],"rotation":{"angle":22.5,"axis":"y","origin":[6.902432,8.571428,9.325088]},"faces":{"south":{"uv":[13.25,2.75,13.75,3.0],"rotation":0,"texture":"#0","tintindex":0},"north":{"uv":[13.25,1.5,13.75,1.75],"rotation":0,"texture":"#0","tintindex":0},"down":{"uv":[13.5,3.375,13.0,3.75],"rotation":0,"texture":"#0","tintindex":0},"east":{"uv":[13.625,1.25,14.0,1.5],"rotation":0,"texture":"#0","tintindex":0},"west":{"uv":[8.875,13.625,9.25,13.875],"rotation":0,"texture":"#0","tintindex":0},"up":{"uv":[3.875,13.375,3.375,13.0],"rotation":0,"texture":"#0","tintindex":0}}},{"from":[5.955305,6.857143,8.118181],"to":[8.241019,9.142858,9.832467],"rotation":{"angle":-22.5,"axis":"y","origin":[8.241019,8.0,9.261039]},"faces":{"south":{"uv":[11.75,10.75,12.25,11.25],"rotation":0,"texture":"#0","tintindex":0},"north":{"uv":[10.375,9.375,10.875,9.875],"rotation":0,"texture":"#0","tintindex":0},"down":{"uv":[13.5,3.0,13.0,3.375],"rotation":0,"texture":"#0","tintindex":0},"east":{"uv":[10.375,12.875,10.75,13.375],"rotation":0,"texture":"#0","tintindex":0},"west":{"uv":[12.875,11.625,13.25,12.125],"rotation":0,"texture":"#0","tintindex":0},"up":{"uv":[3.375,13.375,2.875,13.0],"rotation":0,"texture":"#0","tintindex":0}}}],"textures":{"0":"modelengine:entity/golem"},"display":{"head":{"translation":[0.0,-6.4,0.0],"scale":[4.0,4.0,4.0]}}}