{"elements":[{"from":[8.514286,11.478692,4.3896513],"to":[10.342857,13.307264,6.218223],"rotation":{"angle":0.0,"axis":"y","origin":[10.571428,8.678692,7.5896516]},"faces":{"south":{"uv":[13.375,9.625,13.75,10.0],"rotation":0,"texture":"#0","tintindex":0},"north":{"uv":[13.375,7.75,13.75,8.125],"rotation":0,"texture":"#0","tintindex":0},"down":{"uv":[13.75,10.375,13.375,10.75],"rotation":0,"texture":"#0","tintindex":0},"east":{"uv":[13.375,8.125,13.75,8.5],"rotation":0,"texture":"#0","tintindex":0},"west":{"uv":[13.375,10.0,13.75,10.375],"rotation":0,"texture":"#0","tintindex":0},"up":{"uv":[10.5,13.75,10.125,13.375],"rotation":0,"texture":"#0","tintindex":0}}},{"from":[5.6571426,6.9072633,4.3896513],"to":[10.342857,11.592978,9.646794],"rotation":{"angle":0.0,"axis":"y","origin":[7.714286,4.1072636,7.018223]},"faces":{"south":{"uv":[8.5,4.0,9.5,5.0],"rotation":0,"texture":"#0","tintindex":0},"north":{"uv":[7.625,8.25,8.625,9.25],"rotation":0,"texture":"#0","tintindex":0},"down":{"uv":[8.625,7.125,7.625,8.25],"rotation":0,"texture":"#0","tintindex":0},"east":{"uv":[7.375,5.0,8.5,6.0],"rotation":0,"texture":"#0","tintindex":0},"west":{"uv":[1.75,7.625,2.875,8.625],"rotation":0,"texture":"#0","tintindex":0},"up":{"uv":[8.625,7.125,7.625,6.0],"rotation":0,"texture":"#0","tintindex":0}}},{"from":[5.6571426,11.478692,4.3896513],"to":[7.4857144,13.307264,6.218223],"rotation":{"angle":0.0,"axis":"y","origin":[5.428571,8.678692,7.5896516]},"faces":{"south":{"uv":[13.375,6.625,13.75,7.0],"rotation":0,"texture":"#0","tintindex":0},"north":{"uv":[6.125,13.375,6.5,13.75],"rotation":0,"texture":"#0","tintindex":0},"down":{"uv":[7.875,13.375,7.5,13.75],"rotation":0,"texture":"#0","tintindex":0},"east":{"uv":[13.375,6.25,13.75,6.625],"rotation":0,"texture":"#0","tintindex":0},"west":{"uv":[13.375,7.0,13.75,7.375],"rotation":0,"texture":"#0","tintindex":0},"up":{"uv":[13.75,7.75,13.375,7.375],"rotation":0,"texture":"#0","tintindex":0}}},{"from":[4.5714283,9.25012,4.4467945],"to":[5.714286,10.964407,6.1610804],"rotation":{"angle":0.0,"axis":"y","origin":[7.714286,4.1072636,7.018223]},"faces":{"south":{"uv":[12.0,8.875,12.25,9.25],"rotation":0,"texture":"#0","tintindex":0},"north":{"uv":[4.25,11.75,4.5,12.125],"rotation":0,"texture":"#0","tintindex":0},"down":{"uv":[5.375,13.375,5.125,13.75],"rotation":0,"texture":"#0","tintindex":0},"east":{"uv":[13.25,0.375,13.625,0.75],"rotation":0,"texture":"#0","tintindex":0},"west":{"uv":[0.75,13.25,1.125,13.625],"rotation":0,"texture":"#0","tintindex":0},"up":{"uv":[4.125,13.375,3.875,13.0],"rotation":0,"texture":"#0","tintindex":0}}},{"from":[2.1539006,9.252977,3.968207],"to":[5.005329,10.96155,5.6767783],"rotation":{"angle":-22.5,"axis":"y","origin":[3.5796146,10.107264,4.8224926]},"faces":{"south":{"uv":[12.625,0.625,13.25,1.0],"rotation":0,"texture":"#0","tintindex":0},"north":{"uv":[10.375,12.5,11.0,12.875],"rotation":0,"texture":"#0","tintindex":0},"down":{"uv":[13.25,1.375,12.625,1.75],"rotation":0,"texture":"#0","tintindex":0},"east":{"uv":[13.25,0.0,13.625,0.375],"rotation":0,"texture":"#0","tintindex":0},"west":{"uv":[0.375,13.25,0.75,13.625],"rotation":0,"texture":"#0","tintindex":0},"up":{"uv":[13.25,1.375,12.625,1.0],"rotation":0,"texture":"#0","tintindex":0}}},{"from":[10.994671,9.252977,3.968207],"to":[13.8461,10.96155,5.6767783],"rotation":{"angle":22.5,"axis":"y","origin":[12.420385,10.107264,4.8224926]},"faces":{"south":{"uv":[10.75,1.25,11.375,1.625],"rotation":0,"texture":"#0","tintindex":0},"north":{"uv":[10.5,4.625,11.125,5.0],"rotation":0,"texture":"#0","tintindex":0},"down":{"uv":[13.0,10.375,12.375,10.75],"rotation":0,"texture":"#0","tintindex":0},"east":{"uv":[13.125,12.125,13.5,12.5],"rotation":0,"texture":"#0","tintindex":0},"west":{"uv":[0.0,13.25,0.375,13.625],"rotation":0,"texture":"#0","tintindex":0},"up":{"uv":[11.5,6.625,10.875,6.25],"rotation":0,"texture":"#0","tintindex":0}}},{"from":[10.285714,9.25012,4.4467945],"to":[11.428572,10.964407,6.1610804],"rotation":{"angle":0.0,"axis":"y","origin":[8.285714,4.1072636,7.018223]},"faces":{"south":{"uv":[8.75,2.625,9.0,3.0],"rotation":0,"texture":"#0","tintindex":0},"north":{"uv":[0.875,8.75,1.125,9.125],"rotation":0,"texture":"#0","tintindex":0},"down":{"uv":[7.0,11.125,6.75,11.5],"rotation":0,"texture":"#0","tintindex":0},"east":{"uv":[13.125,11.125,13.5,11.5],"rotation":0,"texture":"#0","tintindex":0},"west":{"uv":[11.375,13.125,11.75,13.5],"rotation":0,"texture":"#0","tintindex":0},"up":{"uv":[7.625,9.125,7.375,8.75],"rotation":0,"texture":"#0","tintindex":0}}},{"from":[5.717143,12.75038,4.690671],"to":[7.4257145,15.030379,6.3992424],"rotation":{"angle":22.5,"axis":"x","origin":[6.857143,13.604666,5.8306713]},"faces":{"south":{"uv":[11.0,12.625,11.375,13.125],"rotation":0,"texture":"#0","tintindex":0},"north":{"uv":[12.625,8.125,13.0,8.625],"rotation":0,"texture":"#0","tintindex":0},"down":{"uv":[11.375,13.125,11.0,13.5],"rotation":0,"texture":"#0","tintindex":0},"east":{"uv":[12.625,10.75,13.0,11.25],"rotation":0,"texture":"#0","tintindex":0},"west":{"uv":[11.375,12.625,11.75,13.125],"rotation":0,"texture":"#0","tintindex":0},"up":{"uv":[13.5,9.625,13.125,9.25],"rotation":0,"texture":"#0","tintindex":0}}},{"from":[5.714286,11.535835,4.4467945],"to":[7.428571,13.25012,6.1610804],"rotation":{"angle":0.0,"axis":"y","origin":[5.428571,8.678692,7.5896516]},"faces":{"south":{"uv":[5.375,13.125,5.75,13.5],"rotation":0,"texture":"#0","tintindex":0},"north":{"uv":[13.0,12.625,13.375,13.0],"rotation":0,"texture":"#0","tintindex":0},"down":{"uv":[13.5,8.875,13.125,9.25],"rotation":0,"texture":"#0","tintindex":0},"east":{"uv":[13.0,13.0,13.375,13.375],"rotation":0,"texture":"#0","tintindex":0},"west":{"uv":[13.125,5.875,13.5,6.25],"rotation":0,"texture":"#0","tintindex":0},"up":{"uv":[13.5,8.875,13.125,8.5],"rotation":0,"texture":"#0","tintindex":0}}},{"from":[8.5742855,12.75038,4.690671],"to":[10.282857,15.030379,6.3992424],"rotation":{"angle":22.5,"axis":"x","origin":[9.142858,13.604666,5.8306713]},"faces":{"south":{"uv":[6.375,11.75,6.75,12.25],"rotation":0,"texture":"#0","tintindex":0},"north":{"uv":[7.0,9.625,7.375,10.125],"rotation":0,"texture":"#0","tintindex":0},"down":{"uv":[12.125,13.0,11.75,13.375],"rotation":0,"texture":"#0","tintindex":0},"east":{"uv":[11.625,0.75,12.0,1.25],"rotation":0,"texture":"#0","tintindex":0},"west":{"uv":[12.625,7.625,13.0,8.125],"rotation":0,"texture":"#0","tintindex":0},"up":{"uv":[13.375,11.125,13.0,10.75],"rotation":0,"texture":"#0","tintindex":0}}},{"from":[8.571428,11.535835,4.4467945],"to":[10.285714,13.25012,6.1610804],"rotation":{"angle":0.0,"axis":"y","origin":[10.571428,8.678692,7.5896516]},"faces":{"south":{"uv":[7.5,13.0,7.875,13.375],"rotation":0,"texture":"#0","tintindex":0},"north":{"uv":[11.25,5.25,11.625,5.625],"rotation":0,"texture":"#0","tintindex":0},"down":{"uv":[13.375,10.375,13.0,10.75],"rotation":0,"texture":"#0","tintindex":0},"east":{"uv":[13.0,7.375,13.375,7.75],"rotation":0,"texture":"#0","tintindex":0},"west":{"uv":[13.0,7.75,13.375,8.125],"rotation":0,"texture":"#0","tintindex":0},"up":{"uv":[13.375,8.5,13.0,8.125],"rotation":0,"texture":"#0","tintindex":0}}},{"from":[5.714286,6.964406,4.4467945],"to":[10.285714,11.535835,9.589652],"rotation":{"angle":0.0,"axis":"y","origin":[7.714286,4.1072636,7.018223]},"faces":{"south":{"uv":[8.0,3.0,9.0,4.0],"rotation":0,"texture":"#0","tintindex":0},"north":{"uv":[8.0,0.75,9.0,1.75],"rotation":0,"texture":"#0","tintindex":0},"down":{"uv":[8.0,1.125,7.0,2.25],"rotation":0,"texture":"#0","tintindex":0},"east":{"uv":[1.75,6.625,2.875,7.625],"rotation":0,"texture":"#0","tintindex":0},"west":{"uv":[6.5,6.75,7.625,7.75],"rotation":0,"texture":"#0","tintindex":0},"up":{"uv":[8.0,1.125,7.0,0.0],"rotation":0,"texture":"#0","tintindex":0}}}],"textures":{"0":"modelengine:entity/golem"},"display":{"head":{"translation":[0.0,-6.4,0.0],"scale":[4.0,4.0,4.0]}}}