{"elements":[{"from":[2.9831638,9.714286,7.425888],"to":[4.6974497,10.857143,8.568746],"rotation":{"angle":-45.0,"axis":"z","origin":[3.6974497,10.285714,7.997317]},"faces":{"south":{"uv":[13.625,11.625,14.0,11.875],"rotation":0,"texture":"#0","tintindex":0},"north":{"uv":[13.625,11.375,14.0,11.625],"rotation":0,"texture":"#0","tintindex":0},"down":{"uv":[12.875,13.625,12.5,13.875],"rotation":0,"texture":"#0","tintindex":0},"east":{"uv":[0.0,13.875,0.25,14.125],"rotation":0,"texture":"#0","tintindex":0},"west":{"uv":[13.875,0.0,14.125,0.25],"rotation":0,"texture":"#0","tintindex":0},"up":{"uv":[12.5,13.875,12.125,13.625],"rotation":0,"texture":"#0","tintindex":0}}},{"from":[0.55459213,7.428571,7.425888],"to":[2.268878,8.571428,8.568746],"rotation":{"angle":0.0,"axis":"y","origin":[7.2688785,8.0,7.997317]},"faces":{"south":{"uv":[13.625,13.625,14.0,13.875],"rotation":0,"texture":"#0","tintindex":0},"north":{"uv":[13.625,13.375,14.0,13.625],"rotation":0,"texture":"#0","tintindex":0},"down":{"uv":[2.25,13.75,1.875,14.0],"rotation":0,"texture":"#0","tintindex":0},"east":{"uv":[0.25,13.875,0.5,14.125],"rotation":0,"texture":"#0","tintindex":0},"west":{"uv":[0.5,13.875,0.75,14.125],"rotation":0,"texture":"#0","tintindex":0},"up":{"uv":[14.125,1.75,13.75,1.5],"rotation":0,"texture":"#0","tintindex":0}}},{"from":[2.268878,7.142857,7.140174],"to":[3.9831638,8.857143,8.85446],"rotation":{"angle":0.0,"axis":"y","origin":[8.983164,8.0,7.997317]},"faces":{"south":{"uv":[13.375,12.5,13.75,12.875],"rotation":0,"texture":"#0","tintindex":0},"north":{"uv":[13.375,10.75,13.75,11.125],"rotation":0,"texture":"#0","tintindex":0},"down":{"uv":[13.625,13.375,13.25,13.75],"rotation":0,"texture":"#0","tintindex":0},"east":{"uv":[11.75,13.375,12.125,13.75],"rotation":0,"texture":"#0","tintindex":0},"west":{"uv":[12.875,13.375,13.25,13.75],"rotation":0,"texture":"#0","tintindex":0},"up":{"uv":[13.75,13.25,13.375,12.875],"rotation":0,"texture":"#0","tintindex":0}}},{"from":[5.4117355,7.428571,9.997316],"to":[6.5545926,8.571428,11.140174],"rotation":{"angle":0.0,"axis":"y","origin":[10.126021,8.0,9.140174]},"faces":{"south":{"uv":[13.875,2.0,14.125,2.25],"rotation":0,"texture":"#0","tintindex":0},"north":{"uv":[0.75,13.875,1.0,14.125],"rotation":0,"texture":"#0","tintindex":0},"down":{"uv":[2.875,13.875,2.625,14.125],"rotation":0,"texture":"#0","tintindex":0},"east":{"uv":[13.875,0.875,14.125,1.125],"rotation":0,"texture":"#0","tintindex":0},"west":{"uv":[13.875,2.25,14.125,2.5],"rotation":0,"texture":"#0","tintindex":0},"up":{"uv":[14.125,2.75,13.875,2.5],"rotation":0,"texture":"#0","tintindex":0}}},{"from":[5.4117355,7.428571,4.8866587],"to":[6.5545926,8.571428,6.029516],"rotation":{"angle":0.0,"axis":"y","origin":[10.126021,8.0,6.886659]},"faces":{"south":{"uv":[13.875,3.5,14.125,3.75],"rotation":0,"texture":"#0","tintindex":0},"north":{"uv":[13.875,3.0,14.125,3.25],"rotation":0,"texture":"#0","tintindex":0},"down":{"uv":[14.125,4.25,13.875,4.5],"rotation":0,"texture":"#0","tintindex":0},"east":{"uv":[13.875,3.25,14.125,3.5],"rotation":0,"texture":"#0","tintindex":0},"west":{"uv":[13.875,3.75,14.125,4.0],"rotation":0,"texture":"#0","tintindex":0},"up":{"uv":[14.125,4.25,13.875,4.0],"rotation":0,"texture":"#0","tintindex":0}}},{"from":[3.926021,5.942857,5.940174],"to":[8.040307,10.057143,10.05446],"rotation":{"angle":0.0,"axis":"y","origin":[10.126021,8.0,7.997317]},"faces":{"south":{"uv":[9.375,5.0,10.25,5.875],"rotation":0,"texture":"#0","tintindex":0},"north":{"uv":[4.375,9.25,5.25,10.125],"rotation":0,"texture":"#0","tintindex":0},"down":{"uv":[10.375,9.0,9.5,9.875],"rotation":0,"texture":"#0","tintindex":0},"east":{"uv":[7.375,9.25,8.25,10.125],"rotation":0,"texture":"#0","tintindex":0},"west":{"uv":[9.5,3.5,10.375,4.375],"rotation":0,"texture":"#0","tintindex":0},"up":{"uv":[10.375,9.0,9.5,8.125],"rotation":0,"texture":"#0","tintindex":0}}},{"from":[5.4117355,9.714286,4.9973164],"to":[6.5545926,10.857143,6.711602],"rotation":{"angle":45.0,"axis":"x","origin":[5.983164,10.285714,5.711602]},"faces":{"south":{"uv":[13.875,4.75,14.125,5.0],"rotation":0,"texture":"#0","tintindex":0},"north":{"uv":[13.875,4.5,14.125,4.75],"rotation":0,"texture":"#0","tintindex":0},"down":{"uv":[3.375,13.75,3.125,14.125],"rotation":0,"texture":"#0","tintindex":0},"east":{"uv":[2.25,13.75,2.625,14.0],"rotation":0,"texture":"#0","tintindex":0},"west":{"uv":[13.75,2.75,14.125,3.0],"rotation":0,"texture":"#0","tintindex":0},"up":{"uv":[3.125,14.125,2.875,13.75],"rotation":0,"texture":"#0","tintindex":0}}},{"from":[5.4117355,9.714286,9.283031],"to":[6.5545926,10.857143,10.997316],"rotation":{"angle":-45.0,"axis":"x","origin":[5.983164,10.285714,10.283031]},"faces":{"south":{"uv":[13.875,5.25,14.125,5.5],"rotation":0,"texture":"#0","tintindex":0},"north":{"uv":[13.875,5.0,14.125,5.25],"rotation":0,"texture":"#0","tintindex":0},"down":{"uv":[4.625,13.75,4.375,14.125],"rotation":0,"texture":"#0","tintindex":0},"east":{"uv":[3.375,13.75,3.75,14.0],"rotation":0,"texture":"#0","tintindex":0},"west":{"uv":[3.75,13.75,4.125,14.0],"rotation":0,"texture":"#0","tintindex":0},"up":{"uv":[4.375,14.125,4.125,13.75],"rotation":0,"texture":"#0","tintindex":0}}},{"from":[5.4117355,5.142857,4.9973164],"to":[6.5545926,6.285714,6.711602],"rotation":{"angle":-45.0,"axis":"x","origin":[5.983164,5.714286,5.711602]},"faces":{"south":{"uv":[8.875,13.875,9.125,14.125],"rotation":0,"texture":"#0","tintindex":0},"north":{"uv":[13.875,5.5,14.125,5.75],"rotation":0,"texture":"#0","tintindex":0},"down":{"uv":[5.875,13.75,5.625,14.125],"rotation":0,"texture":"#0","tintindex":0},"east":{"uv":[4.625,13.75,5.0,14.0],"rotation":0,"texture":"#0","tintindex":0},"west":{"uv":[5.0,13.75,5.375,14.0],"rotation":0,"texture":"#0","tintindex":0},"up":{"uv":[5.625,14.125,5.375,13.75],"rotation":0,"texture":"#0","tintindex":0}}},{"from":[2.9831638,5.142857,7.425888],"to":[4.6974497,6.285714,8.568746],"rotation":{"angle":45.0,"axis":"z","origin":[3.6974497,5.714286,7.997317]},"faces":{"south":{"uv":[5.875,13.75,6.25,14.0],"rotation":0,"texture":"#0","tintindex":0},"north":{"uv":[13.75,5.75,14.125,6.0],"rotation":0,"texture":"#0","tintindex":0},"down":{"uv":[6.625,13.75,6.25,14.0],"rotation":0,"texture":"#0","tintindex":0},"east":{"uv":[9.125,13.875,9.375,14.125],"rotation":0,"texture":"#0","tintindex":0},"west":{"uv":[13.875,9.25,14.125,9.5],"rotation":0,"texture":"#0","tintindex":0},"up":{"uv":[14.125,6.25,13.75,6.0],"rotation":0,"texture":"#0","tintindex":0}}},{"from":[5.4117355,5.142857,9.283031],"to":[6.5545926,6.285714,10.997316],"rotation":{"angle":45.0,"axis":"x","origin":[5.983164,5.714286,10.283031]},"faces":{"south":{"uv":[9.625,13.875,9.875,14.125],"rotation":0,"texture":"#0","tintindex":0},"north":{"uv":[9.375,13.875,9.625,14.125],"rotation":0,"texture":"#0","tintindex":0},"down":{"uv":[14.0,6.75,13.75,7.125],"rotation":0,"texture":"#0","tintindex":0},"east":{"uv":[13.75,6.25,14.125,6.5],"rotation":0,"texture":"#0","tintindex":0},"west":{"uv":[13.75,6.5,14.125,6.75],"rotation":0,"texture":"#0","tintindex":0},"up":{"uv":[6.875,14.125,6.625,13.75],"rotation":0,"texture":"#0","tintindex":0}}},{"from":[3.9831638,6.0,5.9973164],"to":[7.9831643,10.0,9.997316],"rotation":{"angle":0.0,"axis":"y","origin":[10.126021,8.0,7.997317]},"faces":{"south":{"uv":[6.125,9.625,7.0,10.5],"rotation":0,"texture":"#0","tintindex":0},"north":{"uv":[0.0,9.625,0.875,10.5],"rotation":0,"texture":"#0","tintindex":0},"down":{"uv":[10.75,0.0,9.875,0.875],"rotation":0,"texture":"#0","tintindex":0},"east":{"uv":[9.625,1.625,10.5,2.5],"rotation":0,"texture":"#0","tintindex":0},"west":{"uv":[5.25,9.75,6.125,10.625],"rotation":0,"texture":"#0","tintindex":0},"up":{"uv":[10.625,7.5,9.75,6.625],"rotation":0,"texture":"#0","tintindex":0}}}],"textures":{"0":"modelengine:entity/golem"},"display":{"head":{"translation":[0.0,-6.4,0.0],"scale":[4.0,4.0,4.0]}}}