{"elements":[{"from":[2.7714286,6.257143,6.285714],"to":[9.057143,9.114285,9.714286],"rotation":{"angle":0.0,"axis":"y","origin":[0.91428566,7.6857142,8.0]},"faces":{"south":{"uv":[8.625,6.0,10.0,6.625],"rotation":0,"texture":"#0","tintindex":0},"north":{"uv":[3.875,8.625,5.25,9.25],"rotation":0,"texture":"#0","tintindex":0},"down":{"uv":[9.375,0.0,8.0,0.75],"rotation":0,"texture":"#0","tintindex":0},"east":{"uv":[6.0,11.125,6.75,11.75],"rotation":0,"texture":"#0","tintindex":0},"west":{"uv":[11.25,4.625,12.0,5.25],"rotation":0,"texture":"#0","tintindex":0},"up":{"uv":[5.625,8.625,4.25,7.875],"rotation":0,"texture":"#0","tintindex":0}}},{"from":[5.6285715,9.114285,7.142857],"to":[7.9142857,9.685715,8.857143],"rotation":{"angle":0.0,"axis":"y","origin":[0.91428566,9.4,8.0]},"faces":{"south":{"uv":[13.75,13.0,14.25,13.125],"rotation":0,"texture":"#0","tintindex":0},"north":{"uv":[13.75,9.125,14.25,9.25],"rotation":0,"texture":"#0","tintindex":0},"down":{"uv":[5.375,13.0,4.875,13.375],"rotation":0,"texture":"#0","tintindex":0},"east":{"uv":[12.25,2.625,12.625,2.75],"rotation":0,"texture":"#0","tintindex":0},"west":{"uv":[12.875,0.5,13.25,0.625],"rotation":0,"texture":"#0","tintindex":0},"up":{"uv":[13.5,4.875,13.0,4.5],"rotation":0,"texture":"#0","tintindex":0}}},{"from":[5.6285715,9.685715,8.0],"to":[7.9142857,11.4,8.0],"rotation":{"angle":0.0,"axis":"y","origin":[0.91428566,9.971429,8.0]},"faces":{"south":{"uv":[6.25,13.0,6.75,13.375],"rotation":0,"texture":"#0","tintindex":0},"north":{"uv":[5.75,13.0,6.25,13.375],"rotation":0,"texture":"#0","tintindex":0},"down":{"uv":[0.5,0.0,0.0,0.0],"rotation":0,"texture":"#0","tintindex":0},"east":{"uv":[0.0,0.0,0.0,0.375],"rotation":0,"texture":"#0","tintindex":0},"west":{"uv":[0.0,0.0,0.0,0.375],"rotation":0,"texture":"#0","tintindex":0},"up":{"uv":[0.5,0.0,0.0,0.0],"rotation":0,"texture":"#0","tintindex":0}}},{"from":[2.7714286,9.114285,6.857143],"to":[5.6285715,9.685715,9.142858],"rotation":{"angle":0.0,"axis":"y","origin":[-1.9428577,9.4,8.0]},"faces":{"south":{"uv":[13.5,9.5,14.125,9.625],"rotation":0,"texture":"#0","tintindex":0},"north":{"uv":[11.375,8.0,12.0,8.125],"rotation":0,"texture":"#0","tintindex":0},"down":{"uv":[9.125,12.375,8.5,12.875],"rotation":0,"texture":"#0","tintindex":0},"east":{"uv":[13.125,13.75,13.625,13.875],"rotation":0,"texture":"#0","tintindex":0},"west":{"uv":[13.75,13.125,14.25,13.25],"rotation":0,"texture":"#0","tintindex":0},"up":{"uv":[8.5,12.875,7.875,12.375],"rotation":0,"texture":"#0","tintindex":0}}},{"from":[2.7714286,9.685715,8.0],"to":[5.6285715,11.971429,8.0],"rotation":{"angle":0.0,"axis":"y","origin":[-1.9428577,9.971429,8.0]},"faces":{"south":{"uv":[9.75,12.375,10.375,12.875],"rotation":0,"texture":"#0","tintindex":0},"north":{"uv":[9.125,12.375,9.75,12.875],"rotation":0,"texture":"#0","tintindex":0},"down":{"uv":[0.625,0.0,0.0,0.0],"rotation":0,"texture":"#0","tintindex":0},"east":{"uv":[0.0,0.0,0.0,0.5],"rotation":0,"texture":"#0","tintindex":0},"west":{"uv":[0.0,0.0,0.0,0.5],"rotation":0,"texture":"#0","tintindex":0},"up":{"uv":[0.625,0.0,0.0,0.0],"rotation":0,"texture":"#0","tintindex":0}}}],"textures":{"0":"modelengine:entity/golem"},"display":{"head":{"translation":[0.0,-6.4,0.0],"scale":[4.0,4.0,4.0]}}}