{"elements":[{"from":[6.568571,2.8148365,8.240604],"to":[9.431429,6.820551,11.103462],"rotation":{"angle":0.0,"axis":"y","origin":[7.142857,4.5319796,8.814891]},"faces":{"south":{"uv":[10.375,10.75,11.0,11.625],"rotation":0,"texture":"#0","tintindex":0},"north":{"uv":[9.125,10.75,9.75,11.625],"rotation":0,"texture":"#0","tintindex":0},"down":{"uv":[12.25,12.0,11.625,12.625],"rotation":0,"texture":"#0","tintindex":0},"east":{"uv":[9.75,10.75,10.375,11.625],"rotation":0,"texture":"#0","tintindex":0},"west":{"uv":[3.875,10.875,4.5,11.75],"rotation":0,"texture":"#0","tintindex":0},"up":{"uv":[11.625,12.625,11.0,12.0],"rotation":0,"texture":"#0","tintindex":0}}},{"from":[6.5742855,5.3082957,7.4525547],"to":[9.4257145,8.7311535,10.303984],"rotation":{"angle":-45.0,"axis":"x","origin":[8.0,7.0197244,8.878269]},"faces":{"south":{"uv":[11.625,11.25,12.25,12.0],"rotation":0,"texture":"#0","tintindex":0},"north":{"uv":[11.625,9.375,12.25,10.125],"rotation":0,"texture":"#0","tintindex":0},"down":{"uv":[12.875,0.0,12.25,0.625],"rotation":0,"texture":"#0","tintindex":0},"east":{"uv":[9.875,11.625,10.5,12.375],"rotation":0,"texture":"#0","tintindex":0},"west":{"uv":[0.0,11.75,0.625,12.5],"rotation":0,"texture":"#0","tintindex":0},"up":{"uv":[12.75,6.625,12.125,6.0],"rotation":0,"texture":"#0","tintindex":0}}},{"from":[6.5142856,5.248296,7.3925548],"to":[9.485714,8.791153,10.363983],"rotation":{"angle":-45.0,"axis":"x","origin":[8.0,7.0197244,8.878269]},"faces":{"south":{"uv":[1.875,11.75,2.5,12.5],"rotation":0,"texture":"#0","tintindex":0},"north":{"uv":[0.625,11.75,1.25,12.5],"rotation":0,"texture":"#0","tintindex":0},"down":{"uv":[4.875,12.25,4.25,12.875],"rotation":0,"texture":"#0","tintindex":0},"east":{"uv":[1.25,11.75,1.875,12.5],"rotation":0,"texture":"#0","tintindex":0},"west":{"uv":[2.5,11.75,3.125,12.5],"rotation":0,"texture":"#0","tintindex":0},"up":{"uv":[12.875,2.625,12.25,2.0],"rotation":0,"texture":"#0","tintindex":0}}}],"textures":{"0":"modelengine:entity/golem"},"display":{"head":{"translation":[0.0,-6.4,0.0],"scale":[4.0,4.0,4.0]}}}