{"elements":[{"from":[6.5714283,4.8683825,6.5765047],"to":[9.428572,8.296954,9.433648],"rotation":{"angle":0.0,"axis":"y","origin":[8.0,6.5826683,8.005076]},"faces":{"south":{"uv":[8.625,11.625,9.25,12.375],"rotation":0,"texture":"#0","tintindex":0},"north":{"uv":[7.375,11.625,8.0,12.375],"rotation":0,"texture":"#0","tintindex":0},"down":{"uv":[12.625,8.25,12.0,8.875],"rotation":0,"texture":"#0","tintindex":0},"east":{"uv":[8.0,11.625,8.625,12.375],"rotation":0,"texture":"#0","tintindex":0},"west":{"uv":[9.25,11.625,9.875,12.375],"rotation":0,"texture":"#0","tintindex":0},"up":{"uv":[12.625,8.25,12.0,7.625],"rotation":0,"texture":"#0","tintindex":0}}},{"from":[7.142857,6.01124,6.0050764],"to":[8.857143,9.439812,8.290791],"rotation":{"angle":-45.0,"axis":"x","origin":[8.0,6.5826683,7.4336476]},"faces":{"south":{"uv":[1.5,12.5,1.875,13.25],"rotation":0,"texture":"#0","tintindex":0},"north":{"uv":[1.125,12.5,1.5,13.25],"rotation":0,"texture":"#0","tintindex":0},"down":{"uv":[7.5,13.0,7.125,13.5],"rotation":0,"texture":"#0","tintindex":0},"east":{"uv":[6.875,12.25,7.375,13.0],"rotation":0,"texture":"#0","tintindex":0},"west":{"uv":[12.25,8.875,12.75,9.625],"rotation":0,"texture":"#0","tintindex":0},"up":{"uv":[13.375,7.375,13.0,6.875],"rotation":0,"texture":"#0","tintindex":0}}}],"textures":{"0":"modelengine:entity/golem"},"display":{"head":{"translation":[0.0,-6.4,0.0],"scale":[4.0,4.0,4.0]}}}