{"elements":[{"from":[5.67514,6.621182,5.714286],"to":[9.103712,9.478325,10.285714],"rotation":{"angle":-22.5,"axis":"z","origin":[7.3894258,8.049753,8.0]},"faces":{"south":{"uv":[1.5,11.125,2.25,11.75],"rotation":0,"texture":"#0","tintindex":0},"north":{"uv":[0.75,11.125,1.5,11.75],"rotation":0,"texture":"#0","tintindex":0},"down":{"uv":[3.875,10.125,3.125,11.125],"rotation":0,"texture":"#0","tintindex":0},"east":{"uv":[10.25,5.0,11.25,5.625],"rotation":0,"texture":"#0","tintindex":0},"west":{"uv":[10.375,3.375,11.375,4.0],"rotation":0,"texture":"#0","tintindex":0},"up":{"uv":[3.125,11.125,2.375,10.125],"rotation":0,"texture":"#0","tintindex":0}}},{"from":[6.7685213,8.832266,7.142857],"to":[8.482807,11.117981,8.857143],"rotation":{"angle":0.0,"axis":"y","origin":[8.482807,10.689409,8.0]},"faces":{"south":{"uv":[12.875,0.0,13.25,0.5],"rotation":0,"texture":"#0","tintindex":0},"north":{"uv":[12.25,12.75,12.625,13.25],"rotation":0,"texture":"#0","tintindex":0},"down":{"uv":[12.5,13.25,12.125,13.625],"rotation":0,"texture":"#0","tintindex":0},"east":{"uv":[12.625,12.75,13.0,13.25],"rotation":0,"texture":"#0","tintindex":0},"west":{"uv":[12.875,2.0,13.25,2.5],"rotation":0,"texture":"#0","tintindex":0},"up":{"uv":[13.625,11.875,13.25,11.5],"rotation":0,"texture":"#0","tintindex":0}}},{"from":[5.9285936,10.298358,7.1457143],"to":[7.637165,12.006929,8.854286],"rotation":{"angle":45.0,"axis":"z","origin":[7.0685935,11.724072,8.0]},"faces":{"south":{"uv":[3.25,13.375,3.625,13.75],"rotation":0,"texture":"#0","tintindex":0},"north":{"uv":[12.5,13.25,12.875,13.625],"rotation":0,"texture":"#0","tintindex":0},"down":{"uv":[4.75,13.375,4.375,13.75],"rotation":0,"texture":"#0","tintindex":0},"east":{"uv":[2.875,13.375,3.25,13.75],"rotation":0,"texture":"#0","tintindex":0},"west":{"uv":[3.625,13.375,4.0,13.75],"rotation":0,"texture":"#0","tintindex":0},"up":{"uv":[4.375,13.75,4.0,13.375],"rotation":0,"texture":"#0","tintindex":0}}}],"textures":{"0":"modelengine:entity/golem"},"display":{"head":{"translation":[0.0,-6.4,0.0],"scale":[4.0,4.0,4.0]}}}