{"elements":[{"from":[11.30255,9.714286,7.425888],"to":[13.016836,10.857143,8.568746],"rotation":{"angle":45.0,"axis":"z","origin":[12.30255,10.285714,7.997317]},"faces":{"south":{"uv":[1.875,13.5,2.25,13.75],"rotation":0,"texture":"#0","tintindex":0},"north":{"uv":[5.25,8.625,5.625,8.875],"rotation":0,"texture":"#0","tintindex":0},"down":{"uv":[13.875,3.0,13.5,3.25],"rotation":0,"texture":"#0","tintindex":0},"east":{"uv":[6.75,2.0,7.0,2.25],"rotation":0,"texture":"#0","tintindex":0},"west":{"uv":[10.5,2.25,10.75,2.5],"rotation":0,"texture":"#0","tintindex":0},"up":{"uv":[2.625,13.75,2.25,13.5],"rotation":0,"texture":"#0","tintindex":0}}},{"from":[13.731122,7.428571,7.425888],"to":[15.445408,8.571428,8.568746],"rotation":{"angle":0.0,"axis":"y","origin":[8.731122,8.0,7.997317]},"faces":{"south":{"uv":[13.5,3.5,13.875,3.75],"rotation":0,"texture":"#0","tintindex":0},"north":{"uv":[13.5,3.25,13.875,3.5],"rotation":0,"texture":"#0","tintindex":0},"down":{"uv":[13.875,4.0,13.5,4.25],"rotation":0,"texture":"#0","tintindex":0},"east":{"uv":[11.375,2.0,11.625,2.25],"rotation":0,"texture":"#0","tintindex":0},"west":{"uv":[5.75,11.5,6.0,11.75],"rotation":0,"texture":"#0","tintindex":0},"up":{"uv":[13.875,4.0,13.5,3.75],"rotation":0,"texture":"#0","tintindex":0}}},{"from":[12.016836,7.142857,7.140174],"to":[13.731122,8.857143,8.85446],"rotation":{"angle":0.0,"axis":"y","origin":[7.0168357,8.0,7.997317]},"faces":{"south":{"uv":[13.25,1.125,13.625,1.5],"rotation":0,"texture":"#0","tintindex":0},"north":{"uv":[13.25,0.75,13.625,1.125],"rotation":0,"texture":"#0","tintindex":0},"down":{"uv":[13.625,2.375,13.25,2.75],"rotation":0,"texture":"#0","tintindex":0},"east":{"uv":[1.125,13.25,1.5,13.625],"rotation":0,"texture":"#0","tintindex":0},"west":{"uv":[1.5,13.25,1.875,13.625],"rotation":0,"texture":"#0","tintindex":0},"up":{"uv":[13.625,2.375,13.25,2.0],"rotation":0,"texture":"#0","tintindex":0}}},{"from":[9.445408,7.428571,9.997316],"to":[10.588264,8.571428,11.140174],"rotation":{"angle":0.0,"axis":"y","origin":[5.8739786,8.0,9.140174]},"faces":{"south":{"uv":[7.125,13.75,7.375,14.0],"rotation":0,"texture":"#0","tintindex":0},"north":{"uv":[12.75,6.375,13.0,6.625],"rotation":0,"texture":"#0","tintindex":0},"down":{"uv":[14.0,7.375,13.75,7.625],"rotation":0,"texture":"#0","tintindex":0},"east":{"uv":[6.875,13.75,7.125,14.0],"rotation":0,"texture":"#0","tintindex":0},"west":{"uv":[13.75,7.125,14.0,7.375],"rotation":0,"texture":"#0","tintindex":0},"up":{"uv":[7.625,14.0,7.375,13.75],"rotation":0,"texture":"#0","tintindex":0}}},{"from":[9.445408,7.428571,4.8866587],"to":[10.588264,8.571428,6.029516],"rotation":{"angle":0.0,"axis":"y","origin":[5.8739786,8.0,6.886659]},"faces":{"south":{"uv":[13.75,7.875,14.0,8.125],"rotation":0,"texture":"#0","tintindex":0},"north":{"uv":[7.625,13.75,7.875,14.0],"rotation":0,"texture":"#0","tintindex":0},"down":{"uv":[14.0,8.625,13.75,8.875],"rotation":0,"texture":"#0","tintindex":0},"east":{"uv":[13.75,7.625,14.0,7.875],"rotation":0,"texture":"#0","tintindex":0},"west":{"uv":[13.75,8.125,14.0,8.375],"rotation":0,"texture":"#0","tintindex":0},"up":{"uv":[14.0,8.625,13.75,8.375],"rotation":0,"texture":"#0","tintindex":0}}},{"from":[7.959693,5.942857,5.940174],"to":[12.073978,10.057143,10.05446],"rotation":{"angle":0.0,"axis":"y","origin":[5.8739786,8.0,7.997317]},"faces":{"south":{"uv":[8.75,1.75,9.625,2.625],"rotation":0,"texture":"#0","tintindex":0},"north":{"uv":[8.625,8.125,9.5,9.0],"rotation":0,"texture":"#0","tintindex":0},"down":{"uv":[9.875,0.75,9.0,1.625],"rotation":0,"texture":"#0","tintindex":0},"east":{"uv":[0.0,8.75,0.875,9.625],"rotation":0,"texture":"#0","tintindex":0},"west":{"uv":[6.5,8.75,7.375,9.625],"rotation":0,"texture":"#0","tintindex":0},"up":{"uv":[6.125,9.75,5.25,8.875],"rotation":0,"texture":"#0","tintindex":0}}},{"from":[9.445408,9.714286,4.9973164],"to":[10.588264,10.857143,6.711602],"rotation":{"angle":45.0,"axis":"x","origin":[10.016836,10.285714,5.711602]},"faces":{"south":{"uv":[13.75,9.625,14.0,9.875],"rotation":0,"texture":"#0","tintindex":0},"north":{"uv":[13.75,8.875,14.0,9.125],"rotation":0,"texture":"#0","tintindex":0},"down":{"uv":[10.75,13.375,10.5,13.75],"rotation":0,"texture":"#0","tintindex":0},"east":{"uv":[13.5,4.25,13.875,4.5],"rotation":0,"texture":"#0","tintindex":0},"west":{"uv":[13.5,4.5,13.875,4.75],"rotation":0,"texture":"#0","tintindex":0},"up":{"uv":[6.75,13.75,6.5,13.375],"rotation":0,"texture":"#0","tintindex":0}}},{"from":[9.445408,9.714286,9.283031],"to":[10.588264,10.857143,10.997316],"rotation":{"angle":-45.0,"axis":"x","origin":[10.016836,10.285714,10.283031]},"faces":{"south":{"uv":[10.0,13.75,10.25,14.0],"rotation":0,"texture":"#0","tintindex":0},"north":{"uv":[13.75,9.875,14.0,10.125],"rotation":0,"texture":"#0","tintindex":0},"down":{"uv":[13.75,5.875,13.5,6.25],"rotation":0,"texture":"#0","tintindex":0},"east":{"uv":[13.5,4.75,13.875,5.0],"rotation":0,"texture":"#0","tintindex":0},"west":{"uv":[5.375,13.5,5.75,13.75],"rotation":0,"texture":"#0","tintindex":0},"up":{"uv":[2.875,13.875,2.625,13.5],"rotation":0,"texture":"#0","tintindex":0}}},{"from":[9.445408,5.142857,4.9973164],"to":[10.588264,6.285714,6.711602],"rotation":{"angle":-45.0,"axis":"x","origin":[10.016836,5.714286,5.711602]},"faces":{"south":{"uv":[10.25,13.75,10.5,14.0],"rotation":0,"texture":"#0","tintindex":0},"north":{"uv":[13.75,10.125,14.0,10.375],"rotation":0,"texture":"#0","tintindex":0},"down":{"uv":[13.75,8.875,13.5,9.25],"rotation":0,"texture":"#0","tintindex":0},"east":{"uv":[6.75,13.5,7.125,13.75],"rotation":0,"texture":"#0","tintindex":0},"west":{"uv":[7.125,13.5,7.5,13.75],"rotation":0,"texture":"#0","tintindex":0},"up":{"uv":[13.75,8.875,13.5,8.5],"rotation":0,"texture":"#0","tintindex":0}}},{"from":[11.30255,5.142857,7.425888],"to":[13.016836,6.285714,8.568746],"rotation":{"angle":-45.0,"axis":"z","origin":[12.30255,5.714286,7.997317]},"faces":{"south":{"uv":[10.75,13.5,11.125,13.75],"rotation":0,"texture":"#0","tintindex":0},"north":{"uv":[13.5,9.25,13.875,9.5],"rotation":0,"texture":"#0","tintindex":0},"down":{"uv":[13.875,11.125,13.5,11.375],"rotation":0,"texture":"#0","tintindex":0},"east":{"uv":[13.75,10.375,14.0,10.625],"rotation":0,"texture":"#0","tintindex":0},"west":{"uv":[10.5,13.75,10.75,14.0],"rotation":0,"texture":"#0","tintindex":0},"up":{"uv":[11.5,13.75,11.125,13.5],"rotation":0,"texture":"#0","tintindex":0}}},{"from":[9.445408,5.142857,9.283031],"to":[10.588264,6.285714,10.997316],"rotation":{"angle":45.0,"axis":"x","origin":[10.016836,5.714286,10.283031]},"faces":{"south":{"uv":[10.75,13.75,11.0,14.0],"rotation":0,"texture":"#0","tintindex":0},"north":{"uv":[13.75,10.625,14.0,10.875],"rotation":0,"texture":"#0","tintindex":0},"down":{"uv":[13.875,0.0,13.625,0.375],"rotation":0,"texture":"#0","tintindex":0},"east":{"uv":[13.5,12.125,13.875,12.375],"rotation":0,"texture":"#0","tintindex":0},"west":{"uv":[0.0,13.625,0.375,13.875],"rotation":0,"texture":"#0","tintindex":0},"up":{"uv":[11.75,13.875,11.5,13.5],"rotation":0,"texture":"#0","tintindex":0}}},{"from":[8.016836,6.0,5.9973164],"to":[12.016836,10.0,9.997316],"rotation":{"angle":0.0,"axis":"y","origin":[5.8739786,8.0,7.997317]},"faces":{"south":{"uv":[0.875,9.25,1.75,10.125],"rotation":0,"texture":"#0","tintindex":0},"north":{"uv":[9.0,2.625,9.875,3.5],"rotation":0,"texture":"#0","tintindex":0},"down":{"uv":[4.375,9.25,3.5,10.125],"rotation":0,"texture":"#0","tintindex":0},"east":{"uv":[8.625,9.0,9.5,9.875],"rotation":0,"texture":"#0","tintindex":0},"west":{"uv":[1.75,9.25,2.625,10.125],"rotation":0,"texture":"#0","tintindex":0},"up":{"uv":[3.5,10.125,2.625,9.25],"rotation":0,"texture":"#0","tintindex":0}}}],"textures":{"0":"modelengine:entity/golem"},"display":{"head":{"translation":[0.0,-6.4,0.0],"scale":[4.0,4.0,4.0]}}}