{"elements":[{"from":[6.942857,6.257143,6.285714],"to":[13.228571,9.114285,9.714286],"rotation":{"angle":0.0,"axis":"y","origin":[15.085714,7.6857142,8.0]},"faces":{"south":{"uv":[2.5,8.625,3.875,9.25],"rotation":0,"texture":"#0","tintindex":0},"north":{"uv":[1.125,8.625,2.5,9.25],"rotation":0,"texture":"#0","tintindex":0},"down":{"uv":[4.25,7.875,2.875,8.625],"rotation":0,"texture":"#0","tintindex":0},"east":{"uv":[10.875,9.375,11.625,10.0],"rotation":0,"texture":"#0","tintindex":0},"west":{"uv":[10.875,10.0,11.625,10.625],"rotation":0,"texture":"#0","tintindex":0},"up":{"uv":[8.75,3.0,7.375,2.25],"rotation":0,"texture":"#0","tintindex":0}}},{"from":[8.085714,9.114285,7.142857],"to":[10.3714285,9.685715,8.857143],"rotation":{"angle":0.0,"axis":"y","origin":[15.085714,9.4,8.0]},"faces":{"south":{"uv":[7.375,11.5,7.875,11.625],"rotation":0,"texture":"#0","tintindex":0},"north":{"uv":[9.875,3.375,10.375,3.5],"rotation":0,"texture":"#0","tintindex":0},"down":{"uv":[12.25,12.625,11.75,13.0],"rotation":0,"texture":"#0","tintindex":0},"east":{"uv":[11.625,2.75,12.0,2.875],"rotation":0,"texture":"#0","tintindex":0},"west":{"uv":[12.25,0.625,12.625,0.75],"rotation":0,"texture":"#0","tintindex":0},"up":{"uv":[13.125,11.625,12.625,11.25],"rotation":0,"texture":"#0","tintindex":0}}},{"from":[8.085714,9.685715,8.0],"to":[10.3714285,11.4,8.0],"rotation":{"angle":0.0,"axis":"y","origin":[15.085714,9.971429,8.0]},"faces":{"south":{"uv":[12.75,5.5,13.25,5.875],"rotation":0,"texture":"#0","tintindex":0},"north":{"uv":[12.75,5.125,13.25,5.5],"rotation":0,"texture":"#0","tintindex":0},"down":{"uv":[0.5,0.0,0.0,0.0],"rotation":0,"texture":"#0","tintindex":0},"east":{"uv":[0.0,0.0,0.0,0.375],"rotation":0,"texture":"#0","tintindex":0},"west":{"uv":[0.0,0.0,0.0,0.375],"rotation":0,"texture":"#0","tintindex":0},"up":{"uv":[0.5,0.0,0.0,0.0],"rotation":0,"texture":"#0","tintindex":0}}},{"from":[10.3714285,9.114285,6.857143],"to":[13.228571,9.685715,9.142858],"rotation":{"angle":0.0,"axis":"y","origin":[17.942858,9.4,8.0]},"faces":{"south":{"uv":[9.375,5.875,10.0,6.0],"rotation":0,"texture":"#0","tintindex":0},"north":{"uv":[9.0,1.625,9.625,1.75],"rotation":0,"texture":"#0","tintindex":0},"down":{"uv":[11.375,2.875,10.75,3.375],"rotation":0,"texture":"#0","tintindex":0},"east":{"uv":[12.875,10.0,13.375,10.125],"rotation":0,"texture":"#0","tintindex":0},"west":{"uv":[13.5,12.375,14.0,12.5],"rotation":0,"texture":"#0","tintindex":0},"up":{"uv":[8.625,2.25,8.0,1.75],"rotation":0,"texture":"#0","tintindex":0}}},{"from":[10.3714285,9.685715,8.0],"to":[13.228571,11.971429,8.0],"rotation":{"angle":0.0,"axis":"y","origin":[17.942858,9.971429,8.0]},"faces":{"south":{"uv":[12.25,11.625,12.875,12.125],"rotation":0,"texture":"#0","tintindex":0},"north":{"uv":[12.25,9.625,12.875,10.125],"rotation":0,"texture":"#0","tintindex":0},"down":{"uv":[0.625,0.0,0.0,0.0],"rotation":0,"texture":"#0","tintindex":0},"east":{"uv":[0.0,0.0,0.0,0.5],"rotation":0,"texture":"#0","tintindex":0},"west":{"uv":[0.0,0.0,0.0,0.5],"rotation":0,"texture":"#0","tintindex":0},"up":{"uv":[0.625,0.0,0.0,0.0],"rotation":0,"texture":"#0","tintindex":0}}}],"textures":{"0":"modelengine:entity/golem"},"display":{"head":{"translation":[0.0,-6.4,0.0],"scale":[4.0,4.0,4.0]}}}