{"elements":[{"from":[6.5714283,4.8683825,6.5765047],"to":[9.428572,8.296954,9.433648],"rotation":{"angle":0.0,"axis":"y","origin":[8.0,6.5826683,8.005076]},"faces":{"south":{"uv":[11.375,2.875,12.0,3.625],"rotation":0,"texture":"#0","tintindex":0},"north":{"uv":[11.0,11.25,11.625,12.0],"rotation":0,"texture":"#0","tintindex":0},"down":{"uv":[12.625,0.75,12.0,1.375],"rotation":0,"texture":"#0","tintindex":0},"east":{"uv":[11.375,1.25,12.0,2.0],"rotation":0,"texture":"#0","tintindex":0},"west":{"uv":[11.375,3.625,12.0,4.375],"rotation":0,"texture":"#0","tintindex":0},"up":{"uv":[12.375,10.75,11.75,10.125],"rotation":0,"texture":"#0","tintindex":0}}},{"from":[7.142857,6.01124,6.0050764],"to":[8.857143,9.439812,8.290791],"rotation":{"angle":-45.0,"axis":"x","origin":[8.0,6.5826683,7.4336476]},"faces":{"south":{"uv":[0.75,12.5,1.125,13.25],"rotation":0,"texture":"#0","tintindex":0},"north":{"uv":[0.375,12.5,0.75,13.25],"rotation":0,"texture":"#0","tintindex":0},"down":{"uv":[7.125,13.0,6.75,13.5],"rotation":0,"texture":"#0","tintindex":0},"east":{"uv":[12.25,5.25,12.75,6.0],"rotation":0,"texture":"#0","tintindex":0},"west":{"uv":[6.375,12.25,6.875,13.0],"rotation":0,"texture":"#0","tintindex":0},"up":{"uv":[13.375,6.875,13.0,6.375],"rotation":0,"texture":"#0","tintindex":0}}}],"textures":{"0":"modelengine:entity/golem"},"display":{"head":{"translation":[0.0,-6.4,0.0],"scale":[4.0,4.0,4.0]}}}