{"elements":[{"from":[6.568571,2.8148365,8.240604],"to":[9.431429,6.820551,11.103462],"rotation":{"angle":0.0,"axis":"y","origin":[8.857143,4.5319796,8.814891]},"faces":{"south":{"uv":[7.875,10.75,8.5,11.625],"rotation":0,"texture":"#0","tintindex":0},"north":{"uv":[5.375,10.625,6.0,11.5],"rotation":0,"texture":"#0","tintindex":0},"down":{"uv":[12.625,2.75,12.0,3.375],"rotation":0,"texture":"#0","tintindex":0},"east":{"uv":[10.75,7.25,11.375,8.125],"rotation":0,"texture":"#0","tintindex":0},"west":{"uv":[8.5,10.75,9.125,11.625],"rotation":0,"texture":"#0","tintindex":0},"up":{"uv":[12.625,2.0,12.0,1.375],"rotation":0,"texture":"#0","tintindex":0}}},{"from":[6.5742855,5.3082957,7.4525547],"to":[9.4257145,8.7311535,10.303984],"rotation":{"angle":-45.0,"axis":"x","origin":[8.0,7.0197244,8.878269]},"faces":{"south":{"uv":[5.125,11.5,5.75,12.25],"rotation":0,"texture":"#0","tintindex":0},"north":{"uv":[11.375,7.25,12.0,8.0],"rotation":0,"texture":"#0","tintindex":0},"down":{"uv":[12.625,4.0,12.0,4.625],"rotation":0,"texture":"#0","tintindex":0},"east":{"uv":[4.5,11.5,5.125,12.25],"rotation":0,"texture":"#0","tintindex":0},"west":{"uv":[11.5,6.25,12.125,7.0],"rotation":0,"texture":"#0","tintindex":0},"up":{"uv":[12.625,4.0,12.0,3.375],"rotation":0,"texture":"#0","tintindex":0}}},{"from":[6.5142856,5.248296,7.3925548],"to":[9.485714,8.791153,10.363983],"rotation":{"angle":-45.0,"axis":"x","origin":[8.0,7.0197244,8.878269]},"faces":{"south":{"uv":[11.625,2.0,12.25,2.75],"rotation":0,"texture":"#0","tintindex":0},"north":{"uv":[6.75,11.5,7.375,12.25],"rotation":0,"texture":"#0","tintindex":0},"down":{"uv":[12.625,7.0,12.0,7.625],"rotation":0,"texture":"#0","tintindex":0},"east":{"uv":[11.625,0.0,12.25,0.75],"rotation":0,"texture":"#0","tintindex":0},"west":{"uv":[11.625,5.25,12.25,6.0],"rotation":0,"texture":"#0","tintindex":0},"up":{"uv":[12.625,5.25,12.0,4.625],"rotation":0,"texture":"#0","tintindex":0}}}],"textures":{"0":"modelengine:entity/golem"},"display":{"head":{"translation":[0.0,-6.4,0.0],"scale":[4.0,4.0,4.0]}}}