{"elements":[{"from":[8.362835,10.298358,7.1457143],"to":[10.071406,12.006929,8.854286],"rotation":{"angle":-45.0,"axis":"z","origin":[8.931406,11.724072,8.0]},"faces":{"south":{"uv":[8.625,13.25,9.0,13.625],"rotation":0,"texture":"#0","tintindex":0},"north":{"uv":[7.875,13.25,8.25,13.625],"rotation":0,"texture":"#0","tintindex":0},"down":{"uv":[10.125,13.25,9.75,13.625],"rotation":0,"texture":"#0","tintindex":0},"east":{"uv":[8.25,13.25,8.625,13.625],"rotation":0,"texture":"#0","tintindex":0},"west":{"uv":[9.0,13.25,9.375,13.625],"rotation":0,"texture":"#0","tintindex":0},"up":{"uv":[9.75,13.625,9.375,13.25],"rotation":0,"texture":"#0","tintindex":0}}},{"from":[7.517193,8.832266,7.142857],"to":[9.231479,11.117981,8.857143],"rotation":{"angle":0.0,"axis":"y","origin":[7.517193,10.689409,8.0]},"faces":{"south":{"uv":[12.75,9.125,13.125,9.625],"rotation":0,"texture":"#0","tintindex":0},"north":{"uv":[12.75,5.875,13.125,6.375],"rotation":0,"texture":"#0","tintindex":0},"down":{"uv":[13.625,5.5,13.25,5.875],"rotation":0,"texture":"#0","tintindex":0},"east":{"uv":[12.75,8.625,13.125,9.125],"rotation":0,"texture":"#0","tintindex":0},"west":{"uv":[12.75,12.125,13.125,12.625],"rotation":0,"texture":"#0","tintindex":0},"up":{"uv":[13.625,5.5,13.25,5.125],"rotation":0,"texture":"#0","tintindex":0}}},{"from":[6.8962884,6.621182,5.714286],"to":[10.32486,9.478325,10.285714],"rotation":{"angle":22.5,"axis":"z","origin":[8.610574,8.049753,8.0]},"faces":{"south":{"uv":[7.0,10.875,7.75,11.5],"rotation":0,"texture":"#0","tintindex":0},"north":{"uv":[10.875,5.625,11.625,6.25],"rotation":0,"texture":"#0","tintindex":0},"down":{"uv":[2.375,10.125,1.625,11.125],"rotation":0,"texture":"#0","tintindex":0},"east":{"uv":[9.5,4.375,10.5,5.0],"rotation":0,"texture":"#0","tintindex":0},"west":{"uv":[9.75,7.5,10.75,8.125],"rotation":0,"texture":"#0","tintindex":0},"up":{"uv":[1.625,11.125,0.875,10.125],"rotation":0,"texture":"#0","tintindex":0}}}],"textures":{"0":"modelengine:entity/golem"},"display":{"head":{"translation":[0.0,-6.4,0.0],"scale":[4.0,4.0,4.0]}}}