{"elements":[{"from":[6.5714283,8.2448635,8.197245],"to":[9.428572,12.2448635,9.9115305],"rotation":{"angle":0.0,"axis":"y","origin":[8.0,10.2448635,10.054388]},"faces":{"south":{"uv":[4.75,10.625,5.375,11.5],"rotation":0,"texture":"#0","tintindex":0},"north":{"uv":[1.125,7.75,1.75,8.625],"rotation":0,"texture":"#0","tintindex":0},"down":{"uv":[3.5,12.625,2.875,13.0],"rotation":0,"texture":"#0","tintindex":0},"east":{"uv":[5.375,12.25,5.75,13.125],"rotation":0,"texture":"#0","tintindex":0},"west":{"uv":[12.25,10.75,12.625,11.625],"rotation":0,"texture":"#0","tintindex":0},"up":{"uv":[13.25,3.0,12.625,2.625],"rotation":0,"texture":"#0","tintindex":0}}},{"from":[6.0,7.0470386,7.211602],"to":[10.0,9.9041815,10.068746],"rotation":{"angle":-45.0,"axis":"x","origin":[8.0,7.618467,8.640174]},"faces":{"south":{"uv":[10.5,1.625,11.375,2.25],"rotation":0,"texture":"#0","tintindex":0},"north":{"uv":[0.0,10.5,0.875,11.125],"rotation":0,"texture":"#0","tintindex":0},"down":{"uv":[7.0,10.5,6.125,11.125],"rotation":0,"texture":"#0","tintindex":0},"east":{"uv":[3.625,11.75,4.25,12.375],"rotation":0,"texture":"#0","tintindex":0},"west":{"uv":[5.75,11.75,6.375,12.375],"rotation":0,"texture":"#0","tintindex":0},"up":{"uv":[11.375,4.625,10.5,4.0],"rotation":0,"texture":"#0","tintindex":0}}},{"from":[7.142857,12.2448635,8.197245],"to":[8.857143,15.102007,9.9115305],"rotation":{"angle":0.0,"axis":"y","origin":[8.0,14.2448635,10.054388]},"faces":{"south":{"uv":[12.625,4.25,13.0,4.875],"rotation":0,"texture":"#0","tintindex":0},"north":{"uv":[12.625,3.0,13.0,3.625],"rotation":0,"texture":"#0","tintindex":0},"down":{"uv":[6.125,13.375,5.75,13.75],"rotation":0,"texture":"#0","tintindex":0},"east":{"uv":[12.625,3.625,13.0,4.25],"rotation":0,"texture":"#0","tintindex":0},"west":{"uv":[12.625,7.0,13.0,7.625],"rotation":0,"texture":"#0","tintindex":0},"up":{"uv":[5.125,13.75,4.75,13.375],"rotation":0,"texture":"#0","tintindex":0}}}],"textures":{"0":"modelengine:entity/golem"},"display":{"head":{"translation":[0.0,-6.4,0.0],"scale":[4.0,4.0,4.0]}}}