{"elements":[{"from":[7.428571,9.224439,9.295867],"to":[8.571428,12.081581,11.010153],"rotation":{"angle":0.0,"axis":"y","origin":[8.0,10.795867,10.724439]},"faces":{"south":{"uv":[10.75,12.875,11.0,13.5],"rotation":0,"texture":"#0","tintindex":0},"north":{"uv":[4.5,10.875,4.75,11.5],"rotation":0,"texture":"#0","tintindex":0},"down":{"uv":[1.375,13.625,1.125,14.0],"rotation":0,"texture":"#0","tintindex":0},"east":{"uv":[8.25,9.25,8.625,9.875],"rotation":0,"texture":"#0","tintindex":0},"west":{"uv":[7.875,10.125,8.25,10.75],"rotation":0,"texture":"#0","tintindex":0},"up":{"uv":[13.875,1.25,13.625,0.875],"rotation":0,"texture":"#0","tintindex":0}}},{"from":[6.857143,7.5980415,7.3102245],"to":[9.142858,10.455185,11.310225],"rotation":{"angle":-45.0,"axis":"x","origin":[8.0,8.16947,9.310225]},"faces":{"south":{"uv":[3.625,12.375,4.125,13.0],"rotation":0,"texture":"#0","tintindex":0},"north":{"uv":[12.25,12.125,12.75,12.75],"rotation":0,"texture":"#0","tintindex":0},"down":{"uv":[3.625,11.75,3.125,12.625],"rotation":0,"texture":"#0","tintindex":0},"east":{"uv":[10.625,6.625,11.5,7.25],"rotation":0,"texture":"#0","tintindex":0},"west":{"uv":[10.75,0.0,11.625,0.625],"rotation":0,"texture":"#0","tintindex":0},"up":{"uv":[11.0,12.5,10.5,11.625],"rotation":0,"texture":"#0","tintindex":0}}}],"textures":{"0":"modelengine:entity/golem"},"display":{"head":{"translation":[0.0,-6.4,0.0],"scale":[4.0,4.0,4.0]}}}