{"elements":[{"from":[0.5142851,4.782668,4.6571426],"to":[15.485715,8.896955,11.6285715],"rotation":{"angle":0.0,"axis":"y","origin":[7.714286,6.554097,8.142858]},"faces":{"south":{"uv":[5.0,2.9375,6.625,3.375],"rotation":0,"texture":"#0","tintindex":0},"north":{"uv":[5.0,2.5,6.625,2.9375],"rotation":0,"texture":"#0","tintindex":0},"down":{"uv":[1.625,2.4375,0.0,3.1875],"rotation":0,"texture":"#0","tintindex":0},"east":{"uv":[1.75,6.5625,2.5,7.0],"rotation":0,"texture":"#0","tintindex":0},"west":{"uv":[4.375,6.5625,5.125,7.0],"rotation":0,"texture":"#0","tintindex":0},"up":{"uv":[3.5625,3.0625,1.9375,2.3125],"rotation":0,"texture":"#0","tintindex":0}}},{"from":[14.320377,4.017331,6.428571],"to":[17.74895,9.731617,9.285714],"rotation":{"angle":-45.0,"axis":"z","origin":[16.606092,8.58876,7.857143]},"faces":{"south":{"uv":[5.125,6.9375,5.5,7.5625],"rotation":0,"texture":"#0","tintindex":0},"north":{"uv":[3.5,6.875,3.875,7.5],"rotation":0,"texture":"#0","tintindex":0},"down":{"uv":[8.625,5.6875,8.25,6.0],"rotation":0,"texture":"#0","tintindex":0},"east":{"uv":[1.625,2.4375,1.9375,3.0625],"rotation":0,"texture":"#0","tintindex":0},"west":{"uv":[2.0625,7.0,2.375,7.625],"rotation":0,"texture":"#0","tintindex":0},"up":{"uv":[8.625,5.6875,8.25,5.375],"rotation":0,"texture":"#0","tintindex":0}}},{"from":[0.5714283,4.8398113,4.714286],"to":[15.428572,8.839811,11.571428],"rotation":{"angle":0.0,"axis":"y","origin":[7.714286,6.554097,8.142858]},"faces":{"south":{"uv":[0.875,4.9375,2.5,5.375],"rotation":0,"texture":"#0","tintindex":0},"north":{"uv":[4.625,4.75,6.25,5.1875],"rotation":0,"texture":"#0","tintindex":0},"down":{"uv":[3.5625,1.5625,1.9375,2.3125],"rotation":0,"texture":"#0","tintindex":0},"east":{"uv":[6.4375,6.3125,7.1875,6.75],"rotation":0,"texture":"#0","tintindex":0},"west":{"uv":[6.5625,0.0,7.3125,0.4375],"rotation":0,"texture":"#0","tintindex":0},"up":{"uv":[3.5625,1.5625,1.9375,0.8125],"rotation":0,"texture":"#0","tintindex":0}}},{"from":[-1.748949,4.017331,6.428571],"to":[1.6796222,9.731617,9.285714],"rotation":{"angle":45.0,"axis":"z","origin":[-0.60609245,8.58876,7.857143]},"faces":{"south":{"uv":[1.6875,7.0,2.0625,7.625],"rotation":0,"texture":"#0","tintindex":0},"north":{"uv":[5.5,6.9375,5.875,7.5625],"rotation":0,"texture":"#0","tintindex":0},"down":{"uv":[5.25,8.375,4.875,8.6875],"rotation":0,"texture":"#0","tintindex":0},"east":{"uv":[3.875,7.1875,4.1875,7.8125],"rotation":0,"texture":"#0","tintindex":0},"west":{"uv":[7.25,3.25,7.5625,3.875],"rotation":0,"texture":"#0","tintindex":0},"up":{"uv":[8.75,3.0625,8.375,2.75],"rotation":0,"texture":"#0","tintindex":0}}}],"textures":{"0":"modelengine:entity/golem_angry"},"display":{"head":{"translation":[0.0,-6.4,0.0],"scale":[4.0,4.0,4.0]}}}