{"elements":[{"from":[5.4738607,8.285714,9.039373],"to":[7.759575,9.428572,10.753659],"rotation":{"angle":22.5,"axis":"y","origin":[6.902432,8.571428,9.896516]},"faces":{"south":{"uv":[8.9375,6.6875,9.1875,6.8125],"rotation":0,"texture":"#0","tintindex":0},"north":{"uv":[8.9375,2.875,9.1875,3.0],"rotation":0,"texture":"#0","tintindex":0},"down":{"uv":[9.0625,0.8125,8.8125,1.0],"rotation":0,"texture":"#0","tintindex":0},"east":{"uv":[8.9375,7.75,9.125,7.875],"rotation":0,"texture":"#0","tintindex":0},"west":{"uv":[0.375,9.0,0.5625,9.125],"rotation":0,"texture":"#0","tintindex":0},"up":{"uv":[0.9375,9.0,0.6875,8.8125],"rotation":0,"texture":"#0","tintindex":0}}},{"from":[5.4738607,6.5714283,9.039373],"to":[7.759575,7.714286,10.753659],"rotation":{"angle":22.5,"axis":"y","origin":[6.902432,8.571428,9.896516]},"faces":{"south":{"uv":[8.875,3.5625,9.125,3.6875],"rotation":0,"texture":"#0","tintindex":0},"north":{"uv":[8.8125,5.8125,9.0625,5.9375],"rotation":0,"texture":"#0","tintindex":0},"down":{"uv":[9.0625,0.25,8.8125,0.4375],"rotation":0,"texture":"#0","tintindex":0},"east":{"uv":[8.4375,7.9375,8.625,8.0625],"rotation":0,"texture":"#0","tintindex":0},"west":{"uv":[8.75,6.125,8.9375,6.25],"rotation":0,"texture":"#0","tintindex":0},"up":{"uv":[7.5,8.9375,7.25,8.75],"rotation":0,"texture":"#0","tintindex":0}}},{"from":[5.955305,6.857143,8.6896105],"to":[8.241019,9.142858,10.403896],"rotation":{"angle":-22.5,"axis":"y","origin":[8.241019,8.0,9.832467]},"faces":{"south":{"uv":[3.375,8.5,3.625,8.75],"rotation":0,"texture":"#0","tintindex":0},"north":{"uv":[3.125,8.5,3.375,8.75],"rotation":0,"texture":"#0","tintindex":0},"down":{"uv":[9.0,6.8125,8.75,7.0],"rotation":0,"texture":"#0","tintindex":0},"east":{"uv":[5.25,8.75,5.4375,9.0],"rotation":0,"texture":"#0","tintindex":0},"west":{"uv":[5.4375,8.75,5.625,9.0],"rotation":0,"texture":"#0","tintindex":0},"up":{"uv":[9.0,6.125,8.75,5.9375],"rotation":0,"texture":"#0","tintindex":0}}}],"textures":{"0":"modelengine:entity/golem_angry"},"display":{"head":{"translation":[0.0,-6.4,0.0],"scale":[4.0,4.0,4.0]}}}