{"elements":[{"from":[10.428572,10.428572,7.428571],"to":[12.142858,12.714286,8.571428],"rotation":{"angle":-45.0,"axis":"z","origin":[8.428572,10.857143,8.571428]},"faces":{"south":{"uv":[8.8125,8.3125,9.0,8.5625],"rotation":0,"texture":"#0","tintindex":0},"north":{"uv":[8.1875,8.8125,8.375,9.0625],"rotation":0,"texture":"#0","tintindex":0},"down":{"uv":[9.25,0.25,9.0625,0.375],"rotation":0,"texture":"#0","tintindex":0},"east":{"uv":[0.9375,7.5625,1.0625,7.8125],"rotation":0,"texture":"#0","tintindex":0},"west":{"uv":[7.5625,3.625,7.6875,3.875],"rotation":0,"texture":"#0","tintindex":0},"up":{"uv":[9.25,0.25,9.0625,0.125],"rotation":0,"texture":"#0","tintindex":0}}},{"from":[10.714286,12.714286,7.714286],"to":[11.857143,13.857143,8.285714],"rotation":{"angle":-45.0,"axis":"z","origin":[8.428572,10.857143,8.571428]},"faces":{"south":{"uv":[7.5,9.0625,7.625,9.1875],"rotation":0,"texture":"#0","tintindex":0},"north":{"uv":[9.0625,7.375,9.1875,7.5],"rotation":0,"texture":"#0","tintindex":0},"down":{"uv":[7.75,5.9375,7.625,6.0],"rotation":0,"texture":"#0","tintindex":0},"east":{"uv":[6.1875,4.5,6.25,4.625],"rotation":0,"texture":"#0","tintindex":0},"west":{"uv":[6.1875,4.625,6.25,4.75],"rotation":0,"texture":"#0","tintindex":0},"up":{"uv":[6.0,5.625,5.875,5.5625],"rotation":0,"texture":"#0","tintindex":0}}}],"textures":{"0":"modelengine:entity/golem_angry"},"display":{"head":{"translation":[0.0,-6.4,0.0],"scale":[4.0,4.0,4.0]}}}