{"elements":[{"from":[7.542857,6.1714287,5.714286],"to":[14.971429,9.6,10.285714],"rotation":{"angle":0.0,"axis":"y","origin":[15.685715,8.171429,8.0]},"faces":{"south":{"uv":[6.625,2.5,7.4375,2.875],"rotation":0,"texture":"#0","tintindex":0},"north":{"uv":[5.125,6.5625,5.9375,6.9375],"rotation":0,"texture":"#0","tintindex":0},"down":{"uv":[7.125,2.0,6.3125,2.5],"rotation":0,"texture":"#0","tintindex":0},"east":{"uv":[7.25,6.75,7.75,7.125],"rotation":0,"texture":"#0","tintindex":0},"west":{"uv":[7.4375,2.875,7.9375,3.25],"rotation":0,"texture":"#0","tintindex":0},"up":{"uv":[7.0625,5.0,6.25,4.5],"rotation":0,"texture":"#0","tintindex":0}}},{"from":[8.685715,9.6,7.142857],"to":[10.971429,10.171429,8.857143],"rotation":{"angle":0.0,"axis":"y","origin":[15.685715,9.885715,8.0]},"faces":{"south":{"uv":[4.875,7.375,5.125,7.4375],"rotation":0,"texture":"#0","tintindex":0},"north":{"uv":[6.5625,5.125,6.8125,5.1875],"rotation":0,"texture":"#0","tintindex":0},"down":{"uv":[8.9375,7.5,8.6875,7.6875],"rotation":0,"texture":"#0","tintindex":0},"east":{"uv":[5.0,3.8125,5.1875,3.875],"rotation":0,"texture":"#0","tintindex":0},"west":{"uv":[3.9375,8.1875,4.125,8.25],"rotation":0,"texture":"#0","tintindex":0},"up":{"uv":[8.9375,7.5,8.6875,7.3125],"rotation":0,"texture":"#0","tintindex":0}}},{"from":[8.685715,10.171429,8.0],"to":[10.971429,11.885715,8.0],"rotation":{"angle":0.0,"axis":"y","origin":[15.685715,10.457143,8.0]},"faces":{"south":{"uv":[8.6875,7.6875,8.9375,7.875],"rotation":0,"texture":"#0","tintindex":0},"north":{"uv":[7.5625,8.6875,7.8125,8.875],"rotation":0,"texture":"#0","tintindex":0},"down":{"uv":[0.25,0.0,0.0,0.0],"rotation":0,"texture":"#0","tintindex":0},"east":{"uv":[0.0,0.0,0.0,0.1875],"rotation":0,"texture":"#0","tintindex":0},"west":{"uv":[0.0,0.0,0.0,0.1875],"rotation":0,"texture":"#0","tintindex":0},"up":{"uv":[0.25,0.0,0.0,0.0],"rotation":0,"texture":"#0","tintindex":0}}},{"from":[10.971429,9.6,6.857143],"to":[13.828571,10.171429,9.142858],"rotation":{"angle":0.0,"axis":"y","origin":[18.542858,9.885715,8.0]},"faces":{"south":{"uv":[6.8125,1.9375,7.125,2.0],"rotation":0,"texture":"#0","tintindex":0},"north":{"uv":[6.25,5.125,6.5625,5.1875],"rotation":0,"texture":"#0","tintindex":0},"down":{"uv":[6.1875,4.5,5.875,4.75],"rotation":0,"texture":"#0","tintindex":0},"east":{"uv":[6.6875,7.9375,6.9375,8.0],"rotation":0,"texture":"#0","tintindex":0},"west":{"uv":[8.875,1.875,9.125,1.9375],"rotation":0,"texture":"#0","tintindex":0},"up":{"uv":[5.875,4.75,5.5625,4.5],"rotation":0,"texture":"#0","tintindex":0}}},{"from":[10.971429,10.171429,8.0],"to":[13.828571,12.457144,8.0],"rotation":{"angle":0.0,"axis":"y","origin":[18.542858,10.457143,8.0]},"faces":{"south":{"uv":[7.375,5.25,7.6875,5.5],"rotation":0,"texture":"#0","tintindex":0},"north":{"uv":[2.5625,6.0,2.875,6.25],"rotation":0,"texture":"#0","tintindex":0},"down":{"uv":[0.3125,0.0,0.0,0.0],"rotation":0,"texture":"#0","tintindex":0},"east":{"uv":[0.0,0.0,0.0,0.25],"rotation":0,"texture":"#0","tintindex":0},"west":{"uv":[0.0,0.0,0.0,0.25],"rotation":0,"texture":"#0","tintindex":0},"up":{"uv":[0.3125,0.0,0.0,0.0],"rotation":0,"texture":"#0","tintindex":0}}}],"textures":{"0":"modelengine:entity/golem_angry"},"display":{"head":{"translation":[0.0,-6.4,0.0],"scale":[4.0,4.0,4.0]}}}