{"elements":[{"from":[6.282857,3.3862653,7.669176],"to":[9.717143,7.3919797,10.532034],"rotation":{"angle":0.0,"axis":"y","origin":[9.142858,5.103408,8.243462]},"faces":{"south":{"uv":[7.6875,7.625,8.0625,8.0625],"rotation":0,"texture":"#0","tintindex":0},"north":{"uv":[5.9375,7.6875,6.3125,8.125],"rotation":0,"texture":"#0","tintindex":0},"down":{"uv":[8.5625,2.4375,8.1875,2.75],"rotation":0,"texture":"#0","tintindex":0},"east":{"uv":[6.6875,8.0,7.0,8.4375],"rotation":0,"texture":"#0","tintindex":0},"west":{"uv":[7.0,8.0,7.3125,8.4375],"rotation":0,"texture":"#0","tintindex":0},"up":{"uv":[2.5625,8.5,2.1875,8.1875],"rotation":0,"texture":"#0","tintindex":0}}},{"from":[6.2885714,5.8797245,6.8811264],"to":[9.711429,9.302582,9.732554],"rotation":{"angle":-45.0,"axis":"x","origin":[8.285714,7.591153,8.306841]},"faces":{"south":{"uv":[7.8125,2.5,8.1875,2.875],"rotation":0,"texture":"#0","tintindex":0},"north":{"uv":[2.375,7.8125,2.75,8.1875],"rotation":0,"texture":"#0","tintindex":0},"down":{"uv":[3.625,8.1875,3.25,8.5],"rotation":0,"texture":"#0","tintindex":0},"east":{"uv":[1.0,8.1875,1.3125,8.5625],"rotation":0,"texture":"#0","tintindex":0},"west":{"uv":[2.5625,8.1875,2.875,8.5625],"rotation":0,"texture":"#0","tintindex":0},"up":{"uv":[3.25,8.5,2.875,8.1875],"rotation":0,"texture":"#0","tintindex":0}}},{"from":[6.2285714,5.819724,6.821126],"to":[9.771429,9.362581,9.792555],"rotation":{"angle":-45.0,"axis":"x","origin":[8.285714,7.591153,8.306841]},"faces":{"south":{"uv":[3.75,7.8125,4.125,8.1875],"rotation":0,"texture":"#0","tintindex":0},"north":{"uv":[2.75,7.8125,3.125,8.1875],"rotation":0,"texture":"#0","tintindex":0},"down":{"uv":[8.625,1.3125,8.25,1.625],"rotation":0,"texture":"#0","tintindex":0},"east":{"uv":[3.625,8.1875,3.9375,8.5625],"rotation":0,"texture":"#0","tintindex":0},"west":{"uv":[8.1875,6.9375,8.5,7.3125],"rotation":0,"texture":"#0","tintindex":0},"up":{"uv":[8.625,0.3125,8.25,0.0],"rotation":0,"texture":"#0","tintindex":0}}}],"textures":{"0":"modelengine:entity/golem_angry"},"display":{"head":{"translation":[0.0,-6.4,0.0],"scale":[4.0,4.0,4.0]}}}