{"elements":[{"from":[6.285714,4.8398113,6.219362],"to":[9.714286,8.268383,9.076505],"rotation":{"angle":0.0,"axis":"y","origin":[8.285714,6.554097,7.6479335]},"faces":{"south":{"uv":[7.8125,2.125,8.1875,2.5],"rotation":0,"texture":"#0","tintindex":0},"north":{"uv":[7.8125,1.0625,8.1875,1.4375],"rotation":0,"texture":"#0","tintindex":0},"down":{"uv":[8.5625,2.125,8.1875,2.4375],"rotation":0,"texture":"#0","tintindex":0},"east":{"uv":[8.1875,0.625,8.5,1.0],"rotation":0,"texture":"#0","tintindex":0},"west":{"uv":[0.6875,8.1875,1.0,8.5625],"rotation":0,"texture":"#0","tintindex":0},"up":{"uv":[8.5625,1.3125,8.1875,1.0],"rotation":0,"texture":"#0","tintindex":0}}},{"from":[6.857143,5.9826684,5.647933],"to":[9.142858,9.41124,7.9336476],"rotation":{"angle":-45.0,"axis":"x","origin":[8.285714,6.554097,7.0765047]},"faces":{"south":{"uv":[8.4375,1.625,8.6875,2.0],"rotation":0,"texture":"#0","tintindex":0},"north":{"uv":[1.3125,8.4375,1.5625,8.8125],"rotation":0,"texture":"#0","tintindex":0},"down":{"uv":[0.9375,8.5625,0.6875,8.8125],"rotation":0,"texture":"#0","tintindex":0},"east":{"uv":[1.5625,8.4375,1.8125,8.8125],"rotation":0,"texture":"#0","tintindex":0},"west":{"uv":[1.8125,8.4375,2.0625,8.8125],"rotation":0,"texture":"#0","tintindex":0},"up":{"uv":[8.8125,0.5625,8.5625,0.3125],"rotation":0,"texture":"#0","tintindex":0}}}],"textures":{"0":"modelengine:entity/golem_angry"},"display":{"head":{"translation":[0.0,-6.4,0.0],"scale":[4.0,4.0,4.0]}}}