{"elements":[{"from":[6.857143,6.857143,6.5714283],"to":[9.142858,9.142858,9.428572],"rotation":{"angle":0.0,"axis":"y","origin":[8.071428,7.5714283,5.5]},"faces":{"south":{"uv":[2.5625,8.5625,2.8125,8.8125],"rotation":0,"texture":"#0","tintindex":0},"north":{"uv":[8.5625,2.5,8.8125,2.75],"rotation":0,"texture":"#0","tintindex":0},"down":{"uv":[8.6875,7.625,8.4375,7.9375],"rotation":0,"texture":"#0","tintindex":0},"east":{"uv":[6.6875,8.4375,7.0,8.6875],"rotation":0,"texture":"#0","tintindex":0},"west":{"uv":[7.0,8.4375,7.3125,8.6875],"rotation":0,"texture":"#0","tintindex":0},"up":{"uv":[7.5625,8.75,7.3125,8.4375],"rotation":0,"texture":"#0","tintindex":0}}}],"textures":{"0":"modelengine:entity/golem_angry"},"display":{"head":{"translation":[0.0,-6.4,0.0],"scale":[4.0,4.0,4.0]}}}