{"elements":[{"from":[5.714286,5.8035355,6.918725],"to":[10.285714,10.374965,10.490154],"rotation":{"angle":-22.5,"axis":"x","origin":[8.0,8.08925,7.990154]},"faces":{"south":{"uv":[3.0,6.875,3.5,7.375],"rotation":0,"texture":"#0","tintindex":0},"north":{"uv":[2.5,6.875,3.0,7.375],"rotation":0,"texture":"#0","tintindex":0},"down":{"uv":[2.375,7.625,1.875,8.0],"rotation":0,"texture":"#0","tintindex":0},"east":{"uv":[6.3125,7.5625,6.6875,8.0625],"rotation":0,"texture":"#0","tintindex":0},"west":{"uv":[1.5,7.625,1.875,8.125],"rotation":0,"texture":"#0","tintindex":0},"up":{"uv":[8.125,2.125,7.625,1.75],"rotation":0,"texture":"#0","tintindex":0}}},{"from":[6.857143,6.9463925,10.490154],"to":[9.142858,9.232107,12.775868],"rotation":{"angle":-22.5,"axis":"x","origin":[8.0,8.08925,7.990154]},"faces":{"south":{"uv":[8.625,0.0,8.875,0.25],"rotation":0,"texture":"#0","tintindex":0},"north":{"uv":[3.625,8.5625,3.875,8.8125],"rotation":0,"texture":"#0","tintindex":0},"down":{"uv":[4.375,8.625,4.125,8.875],"rotation":0,"texture":"#0","tintindex":0},"east":{"uv":[3.875,8.5625,4.125,8.8125],"rotation":0,"texture":"#0","tintindex":0},"west":{"uv":[8.625,1.125,8.875,1.375],"rotation":0,"texture":"#0","tintindex":0},"up":{"uv":[8.875,1.625,8.625,1.375],"rotation":0,"texture":"#0","tintindex":0}}},{"from":[7.142857,10.154099,9.994182],"to":[8.857143,12.439814,11.7084675],"rotation":{"angle":0.0,"axis":"y","origin":[8.0,10.011242,11.137039]},"faces":{"south":{"uv":[8.625,0.0,8.875,0.25],"rotation":0,"texture":"#0","tintindex":0},"north":{"uv":[3.625,8.5625,3.875,8.8125],"rotation":0,"texture":"#0","tintindex":0},"down":{"uv":[4.375,8.625,4.125,8.875],"rotation":0,"texture":"#0","tintindex":0},"east":{"uv":[3.875,8.5625,4.125,8.8125],"rotation":0,"texture":"#0","tintindex":0},"west":{"uv":[8.625,1.125,8.875,1.375],"rotation":0,"texture":"#0","tintindex":0},"up":{"uv":[8.875,1.625,8.625,1.375],"rotation":0,"texture":"#0","tintindex":0}}}],"textures":{"0":"modelengine:entity/golem_angry"},"display":{"head":{"translation":[0.0,-6.4,0.0],"scale":[4.0,4.0,4.0]}}}