{"elements":[{"from":[6.5714283,8.530578,8.625816],"to":[9.428572,12.530579,10.340102],"rotation":{"angle":0.0,"axis":"y","origin":[8.0,10.530578,10.482959]},"faces":{"south":{"uv":[0.375,7.9375,0.6875,8.375],"rotation":0,"texture":"#0","tintindex":0},"north":{"uv":[7.875,6.9375,8.1875,7.375],"rotation":0,"texture":"#0","tintindex":0},"down":{"uv":[8.9375,5.4375,8.625,5.625],"rotation":0,"texture":"#0","tintindex":0},"east":{"uv":[1.4375,3.1875,1.625,3.625],"rotation":0,"texture":"#0","tintindex":0},"west":{"uv":[5.0,3.375,5.1875,3.8125],"rotation":0,"texture":"#0","tintindex":0},"up":{"uv":[8.9375,5.4375,8.625,5.25],"rotation":0,"texture":"#0","tintindex":0}}},{"from":[6.0,7.3327527,7.640174],"to":[10.0,10.189896,10.497316],"rotation":{"angle":-45.0,"axis":"x","origin":[8.0,7.9041815,9.068746]},"faces":{"south":{"uv":[4.5625,7.8125,5.0,8.125],"rotation":0,"texture":"#0","tintindex":0},"north":{"uv":[7.8125,1.4375,8.25,1.75],"rotation":0,"texture":"#0","tintindex":0},"down":{"uv":[3.5625,7.875,3.125,8.1875],"rotation":0,"texture":"#0","tintindex":0},"east":{"uv":[0.375,8.375,0.6875,8.6875],"rotation":0,"texture":"#0","tintindex":0},"west":{"uv":[6.0625,8.375,6.375,8.6875],"rotation":0,"texture":"#0","tintindex":0},"up":{"uv":[8.25,5.0,7.8125,4.6875],"rotation":0,"texture":"#0","tintindex":0}}},{"from":[7.142857,12.530579,8.625816],"to":[8.857143,15.387721,10.340102],"rotation":{"angle":0.0,"axis":"y","origin":[8.0,14.530579,10.482959]},"faces":{"south":{"uv":[3.5625,7.875,3.75,8.1875],"rotation":0,"texture":"#0","tintindex":0},"north":{"uv":[0.5,6.875,0.6875,7.1875],"rotation":0,"texture":"#0","tintindex":0},"down":{"uv":[4.6875,8.9375,4.5,9.125],"rotation":0,"texture":"#0","tintindex":0},"east":{"uv":[1.3125,7.8125,1.5,8.125],"rotation":0,"texture":"#0","tintindex":0},"west":{"uv":[1.6875,8.125,1.875,8.4375],"rotation":0,"texture":"#0","tintindex":0},"up":{"uv":[9.125,4.625,8.9375,4.4375],"rotation":0,"texture":"#0","tintindex":0}}}],"textures":{"0":"modelengine:entity/golem_angry"},"display":{"head":{"translation":[0.0,-6.4,0.0],"scale":[4.0,4.0,4.0]}}}