{"elements":[{"from":[-0.8571434,8.0,4.285714],"to":[16.857143,13.142858,11.714286],"rotation":{"angle":0.0,"axis":"y","origin":[7.714286,5.714286,8.285714]},"faces":{"south":{"uv":[3.5625,0.8125,5.5,1.375],"rotation":0,"texture":"#0","tintindex":0},"north":{"uv":[1.625,3.0625,3.5625,3.625],"rotation":0,"texture":"#0","tintindex":0},"down":{"uv":[1.9375,0.8125,0.0,1.625],"rotation":0,"texture":"#0","tintindex":0},"east":{"uv":[5.5,1.9375,6.3125,2.5],"rotation":0,"texture":"#0","tintindex":0},"west":{"uv":[1.75,6.0,2.5625,6.5625],"rotation":0,"texture":"#0","tintindex":0},"up":{"uv":[1.9375,0.8125,0.0,0.0],"rotation":0,"texture":"#0","tintindex":0}}},{"from":[-0.9142866,7.9428573,4.2285714],"to":[16.914288,13.200001,11.771429],"rotation":{"angle":0.0,"axis":"y","origin":[7.714286,5.714286,8.285714]},"faces":{"south":{"uv":[3.5625,1.9375,5.5,2.5],"rotation":0,"texture":"#0","tintindex":0},"north":{"uv":[3.5625,1.375,5.5,1.9375],"rotation":0,"texture":"#0","tintindex":0},"down":{"uv":[3.875,0.0,1.9375,0.8125],"rotation":0,"texture":"#0","tintindex":0},"east":{"uv":[6.0,5.1875,6.8125,5.75],"rotation":0,"texture":"#0","tintindex":0},"west":{"uv":[6.0,5.75,6.8125,6.3125],"rotation":0,"texture":"#0","tintindex":0},"up":{"uv":[1.9375,2.4375,0.0,1.625],"rotation":0,"texture":"#0","tintindex":0}}}],"textures":{"0":"modelengine:entity/golem_calm"},"display":{"head":{"translation":[0.0,-6.4,0.0],"scale":[4.0,4.0,4.0]}}}