{"elements":[{"from":[7.7589803,6.857143,8.6896105],"to":[10.044695,9.142858,10.403896],"rotation":{"angle":22.5,"axis":"y","origin":[7.7589803,8.0,9.832467]},"faces":{"south":{"uv":[2.3125,8.5,2.5625,8.75],"rotation":0,"texture":"#0","tintindex":0},"north":{"uv":[2.0625,8.5,2.3125,8.75],"rotation":0,"texture":"#0","tintindex":0},"down":{"uv":[3.625,8.75,3.375,8.9375],"rotation":0,"texture":"#0","tintindex":0},"east":{"uv":[2.25,8.75,2.4375,9.0],"rotation":0,"texture":"#0","tintindex":0},"west":{"uv":[8.75,2.75,8.9375,3.0],"rotation":0,"texture":"#0","tintindex":0},"up":{"uv":[3.375,8.9375,3.125,8.75],"rotation":0,"texture":"#0","tintindex":0}}},{"from":[8.240425,6.5714283,9.039373],"to":[10.526139,7.714286,10.753659],"rotation":{"angle":-22.5,"axis":"y","origin":[9.097568,8.571428,9.896516]},"faces":{"south":{"uv":[5.5625,7.5625,5.8125,7.6875],"rotation":0,"texture":"#0","tintindex":0},"north":{"uv":[7.5625,4.6875,7.8125,4.8125],"rotation":0,"texture":"#0","tintindex":0},"down":{"uv":[4.8125,8.75,4.5625,8.9375],"rotation":0,"texture":"#0","tintindex":0},"east":{"uv":[8.25,1.625,8.4375,1.75],"rotation":0,"texture":"#0","tintindex":0},"west":{"uv":[8.4375,4.3125,8.625,4.4375],"rotation":0,"texture":"#0","tintindex":0},"up":{"uv":[9.0,4.25,8.75,4.0625],"rotation":0,"texture":"#0","tintindex":0}}},{"from":[8.240425,8.285714,9.039373],"to":[10.526139,9.428572,10.753659],"rotation":{"angle":-22.5,"axis":"y","origin":[9.097568,8.571428,9.896516]},"faces":{"south":{"uv":[3.25,7.375,3.5,7.5],"rotation":0,"texture":"#0","tintindex":0},"north":{"uv":[7.125,2.375,7.375,2.5],"rotation":0,"texture":"#0","tintindex":0},"down":{"uv":[9.0,3.875,8.75,4.0625],"rotation":0,"texture":"#0","tintindex":0},"east":{"uv":[7.3125,7.5,7.5,7.625],"rotation":0,"texture":"#0","tintindex":0},"west":{"uv":[8.1875,2.75,8.375,2.875],"rotation":0,"texture":"#0","tintindex":0},"up":{"uv":[9.0,3.875,8.75,3.6875],"rotation":0,"texture":"#0","tintindex":0}}}],"textures":{"0":"modelengine:entity/golem_calm"},"display":{"head":{"translation":[0.0,-6.4,0.0],"scale":[4.0,4.0,4.0]}}}