{"elements":[{"from":[6.285714,12.571428,7.714286],"to":[7.428571,13.714286,8.285714],"rotation":{"angle":-45.0,"axis":"z","origin":[6.285714,8.571428,6.857143]},"faces":{"south":{"uv":[9.0625,7.875,9.1875,8.0],"rotation":0,"texture":"#0","tintindex":0},"north":{"uv":[9.0625,7.625,9.1875,7.75],"rotation":0,"texture":"#0","tintindex":0},"down":{"uv":[2.1875,8.4375,2.0625,8.5],"rotation":0,"texture":"#0","tintindex":0},"east":{"uv":[0.4375,7.375,0.5,7.5],"rotation":0,"texture":"#0","tintindex":0},"west":{"uv":[7.375,2.375,7.4375,2.5],"rotation":0,"texture":"#0","tintindex":0},"up":{"uv":[8.375,8.4375,8.25,8.375],"rotation":0,"texture":"#0","tintindex":0}}},{"from":[6.0,10.285714,7.428571],"to":[7.714286,12.571428,8.571428],"rotation":{"angle":-45.0,"axis":"z","origin":[6.285714,8.571428,6.857143]},"faces":{"south":{"uv":[8.8125,8.8125,9.0,9.0625],"rotation":0,"texture":"#0","tintindex":0},"north":{"uv":[8.8125,8.5625,9.0,8.8125],"rotation":0,"texture":"#0","tintindex":0},"down":{"uv":[9.25,1.5,9.0625,1.625],"rotation":0,"texture":"#0","tintindex":0},"east":{"uv":[4.875,8.125,5.0,8.375],"rotation":0,"texture":"#0","tintindex":0},"west":{"uv":[8.125,5.0,8.25,5.25],"rotation":0,"texture":"#0","tintindex":0},"up":{"uv":[9.25,1.5,9.0625,1.375],"rotation":0,"texture":"#0","tintindex":0}}}],"textures":{"0":"modelengine:entity/golem_calm"},"display":{"head":{"translation":[0.0,-6.4,0.0],"scale":[4.0,4.0,4.0]}}}