{"elements":[{"from":[5.142857,14.857143,7.714286],"to":[6.285714,16.0,8.285714],"rotation":{"angle":-45.0,"axis":"z","origin":[5.142857,8.571428,10.285714]},"faces":{"south":{"uv":[7.625,9.0625,7.75,9.1875],"rotation":0,"texture":"#0","tintindex":0},"north":{"uv":[9.0625,7.5,9.1875,7.625],"rotation":0,"texture":"#0","tintindex":0},"down":{"uv":[8.0625,3.1875,7.9375,3.25],"rotation":0,"texture":"#0","tintindex":0},"east":{"uv":[6.75,5.0,6.8125,5.125],"rotation":0,"texture":"#0","tintindex":0},"west":{"uv":[1.0625,7.1875,1.125,7.3125],"rotation":0,"texture":"#0","tintindex":0},"up":{"uv":[3.25,7.875,3.125,7.8125],"rotation":0,"texture":"#0","tintindex":0}}},{"from":[4.8571424,11.428572,7.428571],"to":[6.5714283,14.857143,8.571428],"rotation":{"angle":-45.0,"axis":"z","origin":[5.142857,8.571428,10.285714]},"faces":{"south":{"uv":[0.0,8.5,0.1875,8.875],"rotation":0,"texture":"#0","tintindex":0},"north":{"uv":[8.4375,8.4375,8.625,8.8125],"rotation":0,"texture":"#0","tintindex":0},"down":{"uv":[9.25,1.25,9.0625,1.375],"rotation":0,"texture":"#0","tintindex":0},"east":{"uv":[8.375,8.8125,8.5,9.1875],"rotation":0,"texture":"#0","tintindex":0},"west":{"uv":[8.5,8.8125,8.625,9.1875],"rotation":0,"texture":"#0","tintindex":0},"up":{"uv":[9.25,0.9375,9.0625,0.8125],"rotation":0,"texture":"#0","tintindex":0}}}],"textures":{"0":"modelengine:entity/golem_calm"},"display":{"head":{"translation":[0.0,-6.4,0.0],"scale":[4.0,4.0,4.0]}}}