{"elements":[{"from":[8.514286,13.535835,4.008699],"to":[10.914286,15.364407,5.8372707],"rotation":{"angle":0.0,"axis":"y","origin":[10.571428,10.735835,7.208699]},"faces":{"south":{"uv":[8.8125,2.125,9.0625,2.3125],"rotation":0,"texture":"#0","tintindex":0},"north":{"uv":[8.8125,1.9375,9.0625,2.125],"rotation":0,"texture":"#0","tintindex":0},"down":{"uv":[2.6875,8.8125,2.4375,9.0],"rotation":0,"texture":"#0","tintindex":0},"east":{"uv":[5.0,8.9375,5.1875,9.125],"rotation":0,"texture":"#0","tintindex":0},"west":{"uv":[8.9375,5.0,9.125,5.1875],"rotation":0,"texture":"#0","tintindex":0},"up":{"uv":[9.0625,2.5,8.8125,2.3125],"rotation":0,"texture":"#0","tintindex":0}}},{"from":[3.9428568,5.535835,3.4372702],"to":[12.057143,13.650122,9.265842],"rotation":{"angle":0.0,"axis":"y","origin":[7.714286,4.4501204,6.6372705]},"faces":{"south":{"uv":[3.75,4.75,4.625,5.625],"rotation":0,"texture":"#0","tintindex":0},"north":{"uv":[2.875,4.5,3.75,5.375],"rotation":0,"texture":"#0","tintindex":0},"down":{"uv":[4.5,5.625,3.625,6.25],"rotation":0,"texture":"#0","tintindex":0},"east":{"uv":[3.0,5.375,3.625,6.25],"rotation":0,"texture":"#0","tintindex":0},"west":{"uv":[5.5,0.4375,6.125,1.3125],"rotation":0,"texture":"#0","tintindex":0},"up":{"uv":[6.375,1.9375,5.5,1.3125],"rotation":0,"texture":"#0","tintindex":0}}},{"from":[5.0857143,13.535835,4.008699],"to":[7.4857144,15.364407,5.8372707],"rotation":{"angle":0.0,"axis":"y","origin":[5.428571,10.735835,7.208699]},"faces":{"south":{"uv":[1.1875,8.8125,1.4375,9.0],"rotation":0,"texture":"#0","tintindex":0},"north":{"uv":[0.9375,8.8125,1.1875,9.0],"rotation":0,"texture":"#0","tintindex":0},"down":{"uv":[1.9375,8.8125,1.6875,9.0],"rotation":0,"texture":"#0","tintindex":0},"east":{"uv":[8.9375,4.625,9.125,4.8125],"rotation":0,"texture":"#0","tintindex":0},"west":{"uv":[8.9375,4.8125,9.125,5.0],"rotation":0,"texture":"#0","tintindex":0},"up":{"uv":[1.6875,9.0,1.4375,8.8125],"rotation":0,"texture":"#0","tintindex":0}}},{"from":[2.8571424,9.592978,4.0658417],"to":[4.0,11.307263,5.7801275],"rotation":{"angle":0.0,"axis":"y","origin":[6.0,4.4501204,6.6372705]},"faces":{"south":{"uv":[3.5,8.9375,3.625,9.125],"rotation":0,"texture":"#0","tintindex":0},"north":{"uv":[7.6875,8.875,7.8125,9.0625],"rotation":0,"texture":"#0","tintindex":0},"down":{"uv":[7.375,8.9375,7.25,9.125],"rotation":0,"texture":"#0","tintindex":0},"east":{"uv":[4.8125,8.875,5.0,9.0625],"rotation":0,"texture":"#0","tintindex":0},"west":{"uv":[5.75,8.875,5.9375,9.0625],"rotation":0,"texture":"#0","tintindex":0},"up":{"uv":[4.8125,9.125,4.6875,8.9375],"rotation":0,"texture":"#0","tintindex":0}}},{"from":[0.43961477,9.595835,3.5872545],"to":[3.2910433,11.304406,5.295826],"rotation":{"angle":-22.5,"axis":"y","origin":[1.8653288,10.450121,4.4415402]},"faces":{"south":{"uv":[8.625,4.6875,8.9375,4.875],"rotation":0,"texture":"#0","tintindex":0},"north":{"uv":[8.625,4.5,8.9375,4.6875],"rotation":0,"texture":"#0","tintindex":0},"down":{"uv":[8.9375,5.0625,8.625,5.25],"rotation":0,"texture":"#0","tintindex":0},"east":{"uv":[8.875,3.375,9.0625,3.5625],"rotation":0,"texture":"#0","tintindex":0},"west":{"uv":[4.125,8.875,4.3125,9.0625],"rotation":0,"texture":"#0","tintindex":0},"up":{"uv":[8.9375,5.0625,8.625,4.875],"rotation":0,"texture":"#0","tintindex":0}}},{"from":[12.708957,9.595835,3.5872545],"to":[15.560385,11.304406,5.295826],"rotation":{"angle":22.5,"axis":"y","origin":[14.134671,10.450121,4.4415402]},"faces":{"south":{"uv":[7.0625,4.8125,7.375,5.0],"rotation":0,"texture":"#0","tintindex":0},"north":{"uv":[4.875,0.625,5.1875,0.8125],"rotation":0,"texture":"#0","tintindex":0},"down":{"uv":[8.9375,4.3125,8.625,4.5],"rotation":0,"texture":"#0","tintindex":0},"east":{"uv":[8.875,3.0,9.0625,3.1875],"rotation":0,"texture":"#0","tintindex":0},"west":{"uv":[8.875,3.1875,9.0625,3.375],"rotation":0,"texture":"#0","tintindex":0},"up":{"uv":[8.8125,7.3125,8.5,7.125],"rotation":0,"texture":"#0","tintindex":0}}},{"from":[12.0,9.592978,4.0658417],"to":[13.142858,11.307263,5.7801275],"rotation":{"angle":0.0,"axis":"y","origin":[10.0,4.4501204,6.6372705]},"faces":{"south":{"uv":[1.125,6.75,1.25,6.9375],"rotation":0,"texture":"#0","tintindex":0},"north":{"uv":[5.1875,0.625,5.3125,0.8125],"rotation":0,"texture":"#0","tintindex":0},"down":{"uv":[1.3125,8.5625,1.1875,8.75],"rotation":0,"texture":"#0","tintindex":0},"east":{"uv":[8.875,1.5,9.0625,1.6875],"rotation":0,"texture":"#0","tintindex":0},"west":{"uv":[8.875,1.6875,9.0625,1.875],"rotation":0,"texture":"#0","tintindex":0},"up":{"uv":[7.875,7.125,7.75,6.9375],"rotation":0,"texture":"#0","tintindex":0}}},{"from":[5.1457143,14.807522,4.3097186],"to":[7.4257145,17.087523,6.01829],"rotation":{"angle":22.5,"axis":"x","origin":[6.857143,15.661808,5.4497185]},"faces":{"south":{"uv":[8.5,0.625,8.75,0.875],"rotation":0,"texture":"#0","tintindex":0},"north":{"uv":[6.0625,8.125,6.3125,8.375],"rotation":0,"texture":"#0","tintindex":0},"down":{"uv":[7.25,8.6875,7.0,8.875],"rotation":0,"texture":"#0","tintindex":0},"east":{"uv":[4.1875,7.1875,4.375,7.4375],"rotation":0,"texture":"#0","tintindex":0},"west":{"uv":[1.5,7.375,1.6875,7.625],"rotation":0,"texture":"#0","tintindex":0},"up":{"uv":[7.0,8.875,6.75,8.6875],"rotation":0,"texture":"#0","tintindex":0}}},{"from":[5.142857,13.592978,4.0658417],"to":[7.428571,15.307264,5.7801275],"rotation":{"angle":0.0,"axis":"y","origin":[5.428571,10.735835,7.208699]},"faces":{"south":{"uv":[8.6875,6.4375,8.9375,6.625],"rotation":0,"texture":"#0","tintindex":0},"north":{"uv":[8.6875,6.25,8.9375,6.4375],"rotation":0,"texture":"#0","tintindex":0},"down":{"uv":[8.9375,6.625,8.6875,6.8125],"rotation":0,"texture":"#0","tintindex":0},"east":{"uv":[8.875,0.0,9.0625,0.1875],"rotation":0,"texture":"#0","tintindex":0},"west":{"uv":[8.875,1.3125,9.0625,1.5],"rotation":0,"texture":"#0","tintindex":0},"up":{"uv":[6.75,8.875,6.5,8.6875],"rotation":0,"texture":"#0","tintindex":0}}},{"from":[8.5742855,14.807522,4.3097186],"to":[10.854286,17.087523,6.01829],"rotation":{"angle":22.5,"axis":"x","origin":[9.142858,15.661808,5.4497185]},"faces":{"south":{"uv":[0.6875,7.9375,0.9375,8.1875],"rotation":0,"texture":"#0","tintindex":0},"north":{"uv":[6.125,1.0625,6.375,1.3125],"rotation":0,"texture":"#0","tintindex":0},"down":{"uv":[6.5,8.6875,6.25,8.875],"rotation":0,"texture":"#0","tintindex":0},"east":{"uv":[3.375,3.625,3.5625,3.875],"rotation":0,"texture":"#0","tintindex":0},"west":{"uv":[4.125,4.5,4.3125,4.75],"rotation":0,"texture":"#0","tintindex":0},"up":{"uv":[6.25,8.875,6.0,8.6875],"rotation":0,"texture":"#0","tintindex":0}}},{"from":[8.571428,13.592978,4.0658417],"to":[10.857143,15.307264,5.7801275],"rotation":{"angle":0.0,"axis":"y","origin":[10.571428,10.735835,7.208699]},"faces":{"south":{"uv":[5.3125,7.9375,5.5625,8.125],"rotation":0,"texture":"#0","tintindex":0},"north":{"uv":[7.375,1.75,7.625,1.9375],"rotation":0,"texture":"#0","tintindex":0},"down":{"uv":[6.0,8.6875,5.75,8.875],"rotation":0,"texture":"#0","tintindex":0},"east":{"uv":[2.1875,8.0,2.375,8.1875],"rotation":0,"texture":"#0","tintindex":0},"west":{"uv":[8.25,6.0,8.4375,6.1875],"rotation":0,"texture":"#0","tintindex":0},"up":{"uv":[5.0625,8.875,4.8125,8.6875],"rotation":0,"texture":"#0","tintindex":0}}},{"from":[4.0,5.5929775,3.4944134],"to":[12.0,13.592978,9.208699],"rotation":{"angle":0.0,"axis":"y","origin":[7.714286,4.4501204,6.6372705]},"faces":{"south":{"uv":[0.0,4.5,0.875,5.375],"rotation":0,"texture":"#0","tintindex":0},"north":{"uv":[4.3125,3.875,5.1875,4.75],"rotation":0,"texture":"#0","tintindex":0},"down":{"uv":[3.0,5.375,2.125,6.0],"rotation":0,"texture":"#0","tintindex":0},"east":{"uv":[0.0,5.375,0.625,6.25],"rotation":0,"texture":"#0","tintindex":0},"west":{"uv":[0.625,5.375,1.25,6.25],"rotation":0,"texture":"#0","tintindex":0},"up":{"uv":[2.125,6.0,1.25,5.375],"rotation":0,"texture":"#0","tintindex":0}}}],"textures":{"0":"modelengine:entity/golem_calm"},"display":{"head":{"translation":[0.0,-6.4,0.0],"scale":[4.0,4.0,4.0]}}}