{"elements":[{"from":[4.1714287,6.457143,5.714286],"to":[11.6,9.885715,10.285714],"rotation":{"angle":0.0,"axis":"y","origin":[3.4571428,8.457143,8.0]},"faces":{"south":{"uv":[6.4375,6.75,7.25,7.125],"rotation":0,"texture":"#0","tintindex":0},"north":{"uv":[6.625,2.875,7.4375,3.25],"rotation":0,"texture":"#0","tintindex":0},"down":{"uv":[7.25,3.875,6.4375,4.375],"rotation":0,"texture":"#0","tintindex":0},"east":{"uv":[0.4375,7.5625,0.9375,7.9375],"rotation":0,"texture":"#0","tintindex":0},"west":{"uv":[7.5625,3.25,8.0625,3.625],"rotation":0,"texture":"#0","tintindex":0},"up":{"uv":[7.25,3.875,6.4375,3.375],"rotation":0,"texture":"#0","tintindex":0}}},{"from":[8.171429,9.885715,7.142857],"to":[10.457143,10.457143,8.857143],"rotation":{"angle":0.0,"axis":"y","origin":[3.4571428,10.171429,8.0]},"faces":{"south":{"uv":[9.0,4.1875,9.25,4.25],"rotation":0,"texture":"#0","tintindex":0},"north":{"uv":[8.9375,5.5625,9.1875,5.625],"rotation":0,"texture":"#0","tintindex":0},"down":{"uv":[3.875,8.8125,3.625,9.0],"rotation":0,"texture":"#0","tintindex":0},"east":{"uv":[8.1875,7.3125,8.375,7.375],"rotation":0,"texture":"#0","tintindex":0},"west":{"uv":[8.5625,0.5625,8.75,0.625],"rotation":0,"texture":"#0","tintindex":0},"up":{"uv":[9.0625,2.6875,8.8125,2.5],"rotation":0,"texture":"#0","tintindex":0}}},{"from":[8.171429,10.457143,8.0],"to":[10.457143,12.171429,8.0],"rotation":{"angle":0.0,"axis":"y","origin":[3.4571428,10.742857,8.0]},"faces":{"south":{"uv":[8.8125,5.625,9.0625,5.8125],"rotation":0,"texture":"#0","tintindex":0},"north":{"uv":[3.875,8.8125,4.125,9.0],"rotation":0,"texture":"#0","tintindex":0},"down":{"uv":[0.25,0.0,0.0,0.0],"rotation":0,"texture":"#0","tintindex":0},"east":{"uv":[0.0,0.0,0.0,0.1875],"rotation":0,"texture":"#0","tintindex":0},"west":{"uv":[0.0,0.0,0.0,0.1875],"rotation":0,"texture":"#0","tintindex":0},"up":{"uv":[0.25,0.0,0.0,0.0],"rotation":0,"texture":"#0","tintindex":0}}},{"from":[5.3142858,9.885715,6.857143],"to":[8.171429,10.457143,9.142858],"rotation":{"angle":0.0,"axis":"y","origin":[0.5999999,10.171429,8.0]},"faces":{"south":{"uv":[7.3125,5.9375,7.625,6.0],"rotation":0,"texture":"#0","tintindex":0},"north":{"uv":[7.25,4.3125,7.5625,4.375],"rotation":0,"texture":"#0","tintindex":0},"down":{"uv":[8.125,5.0,7.8125,5.25],"rotation":0,"texture":"#0","tintindex":0},"east":{"uv":[9.0,6.0625,9.25,6.125],"rotation":0,"texture":"#0","tintindex":0},"west":{"uv":[9.0,6.9375,9.25,7.0],"rotation":0,"texture":"#0","tintindex":0},"up":{"uv":[8.0,4.3125,7.6875,4.0625],"rotation":0,"texture":"#0","tintindex":0}}},{"from":[5.3142858,10.457143,8.0],"to":[8.171429,12.742857,8.0],"rotation":{"angle":0.0,"axis":"y","origin":[0.5999999,10.742857,8.0]},"faces":{"south":{"uv":[8.4375,4.0625,8.75,4.3125],"rotation":0,"texture":"#0","tintindex":0},"north":{"uv":[8.4375,3.8125,8.75,4.0625],"rotation":0,"texture":"#0","tintindex":0},"down":{"uv":[0.3125,0.0,0.0,0.0],"rotation":0,"texture":"#0","tintindex":0},"east":{"uv":[0.0,0.0,0.0,0.25],"rotation":0,"texture":"#0","tintindex":0},"west":{"uv":[0.0,0.0,0.0,0.25],"rotation":0,"texture":"#0","tintindex":0},"up":{"uv":[0.3125,0.0,0.0,0.0],"rotation":0,"texture":"#0","tintindex":0}}}],"textures":{"0":"modelengine:entity/golem_calm"},"display":{"head":{"translation":[0.0,-6.4,0.0],"scale":[4.0,4.0,4.0]}}}