{"elements":[{"from":[6.857143,6.285714,5.714286],"to":[12.0,9.714286,10.285714],"rotation":{"angle":0.0,"axis":"y","origin":[10.142858,8.285714,8.0]},"faces":{"south":{"uv":[7.1875,6.375,7.75,6.75],"rotation":0,"texture":"#0","tintindex":0},"north":{"uv":[7.1875,6.0,7.75,6.375],"rotation":0,"texture":"#0","tintindex":0},"down":{"uv":[7.375,5.0,6.8125,5.5],"rotation":0,"texture":"#0","tintindex":0},"east":{"uv":[7.5625,4.3125,8.0625,4.6875],"rotation":0,"texture":"#0","tintindex":0},"west":{"uv":[5.0625,7.5625,5.5625,7.9375],"rotation":0,"texture":"#0","tintindex":0},"up":{"uv":[7.375,1.9375,6.8125,1.4375],"rotation":0,"texture":"#0","tintindex":0}}},{"from":[6.285714,6.5714283,6.285714],"to":[6.857143,9.428572,9.714286],"rotation":{"angle":0.0,"axis":"y","origin":[9.571428,8.285714,8.0]},"faces":{"south":{"uv":[3.875,6.875,3.9375,7.1875],"rotation":0,"texture":"#0","tintindex":0},"north":{"uv":[2.5,6.5625,2.5625,6.875],"rotation":0,"texture":"#0","tintindex":0},"down":{"uv":[1.9375,9.0,1.875,9.375],"rotation":0,"texture":"#0","tintindex":0},"east":{"uv":[8.25,4.75,8.625,5.0625],"rotation":0,"texture":"#0","tintindex":0},"west":{"uv":[8.25,5.0625,8.625,5.375],"rotation":0,"texture":"#0","tintindex":0},"up":{"uv":[6.0,6.9375,5.9375,6.5625],"rotation":0,"texture":"#0","tintindex":0}}}],"textures":{"0":"modelengine:entity/golem_calm"},"display":{"head":{"translation":[0.0,-6.4,0.0],"scale":[4.0,4.0,4.0]}}}