{"elements":[{"from":[3.126021,9.714286,7.425888],"to":[4.8403068,10.857143,8.568746],"rotation":{"angle":-45.0,"axis":"z","origin":[3.8403068,10.285714,7.997317]},"faces":{"south":{"uv":[0.75,9.0,0.9375,9.125],"rotation":0,"texture":"#0","tintindex":0},"north":{"uv":[0.5625,9.0,0.75,9.125],"rotation":0,"texture":"#0","tintindex":0},"down":{"uv":[9.1875,1.0,9.0,1.125],"rotation":0,"texture":"#0","tintindex":0},"east":{"uv":[9.0625,2.3125,9.1875,2.4375],"rotation":0,"texture":"#0","tintindex":0},"west":{"uv":[9.0625,2.4375,9.1875,2.5625],"rotation":0,"texture":"#0","tintindex":0},"up":{"uv":[1.125,9.125,0.9375,9.0],"rotation":0,"texture":"#0","tintindex":0}}},{"from":[0.6974497,7.428571,7.425888],"to":[2.411735,8.571428,8.568746],"rotation":{"angle":0.0,"axis":"y","origin":[7.4117355,8.0,7.997317]},"faces":{"south":{"uv":[9.0,1.125,9.1875,1.25],"rotation":0,"texture":"#0","tintindex":0},"north":{"uv":[1.125,9.0,1.3125,9.125],"rotation":0,"texture":"#0","tintindex":0},"down":{"uv":[1.6875,9.0,1.5,9.125],"rotation":0,"texture":"#0","tintindex":0},"east":{"uv":[9.0625,2.5625,9.1875,2.6875],"rotation":0,"texture":"#0","tintindex":0},"west":{"uv":[2.6875,9.0625,2.8125,9.1875],"rotation":0,"texture":"#0","tintindex":0},"up":{"uv":[1.5,9.125,1.3125,9.0],"rotation":0,"texture":"#0","tintindex":0}}},{"from":[2.411735,7.142857,7.140174],"to":[4.1260214,8.857143,8.85446],"rotation":{"angle":0.0,"axis":"y","origin":[9.126021,8.0,7.997317]},"faces":{"south":{"uv":[8.9375,6.125,9.125,6.3125],"rotation":0,"texture":"#0","tintindex":0},"north":{"uv":[8.9375,5.1875,9.125,5.375],"rotation":0,"texture":"#0","tintindex":0},"down":{"uv":[9.125,7.1875,8.9375,7.375],"rotation":0,"texture":"#0","tintindex":0},"east":{"uv":[8.9375,5.375,9.125,5.5625],"rotation":0,"texture":"#0","tintindex":0},"west":{"uv":[8.9375,6.3125,9.125,6.5],"rotation":0,"texture":"#0","tintindex":0},"up":{"uv":[9.125,6.6875,8.9375,6.5],"rotation":0,"texture":"#0","tintindex":0}}},{"from":[5.5545926,7.428571,9.997316],"to":[6.6974497,8.571428,11.140174],"rotation":{"angle":0.0,"axis":"y","origin":[10.268879,8.0,9.140174]},"faces":{"south":{"uv":[9.0625,3.25,9.1875,3.375],"rotation":0,"texture":"#0","tintindex":0},"north":{"uv":[9.0625,3.0,9.1875,3.125],"rotation":0,"texture":"#0","tintindex":0},"down":{"uv":[4.3125,9.0625,4.1875,9.1875],"rotation":0,"texture":"#0","tintindex":0},"east":{"uv":[9.0625,3.125,9.1875,3.25],"rotation":0,"texture":"#0","tintindex":0},"west":{"uv":[9.0625,3.375,9.1875,3.5],"rotation":0,"texture":"#0","tintindex":0},"up":{"uv":[4.1875,9.1875,4.0625,9.0625],"rotation":0,"texture":"#0","tintindex":0}}},{"from":[5.5545926,7.428571,4.8866587],"to":[6.6974497,8.571428,6.029516],"rotation":{"angle":0.0,"axis":"y","origin":[10.268879,8.0,6.886659]},"faces":{"south":{"uv":[5.75,9.0625,5.875,9.1875],"rotation":0,"texture":"#0","tintindex":0},"north":{"uv":[4.8125,9.0625,4.9375,9.1875],"rotation":0,"texture":"#0","tintindex":0},"down":{"uv":[6.125,9.0625,6.0,9.1875],"rotation":0,"texture":"#0","tintindex":0},"east":{"uv":[9.0625,5.625,9.1875,5.75],"rotation":0,"texture":"#0","tintindex":0},"west":{"uv":[9.0625,5.75,9.1875,5.875],"rotation":0,"texture":"#0","tintindex":0},"up":{"uv":[6.0,9.1875,5.875,9.0625],"rotation":0,"texture":"#0","tintindex":0}}},{"from":[4.068878,5.942857,5.940174],"to":[8.183165,10.057143,10.05446],"rotation":{"angle":0.0,"axis":"y","origin":[10.268879,8.0,7.997317]},"faces":{"south":{"uv":[7.3125,0.0,7.75,0.4375],"rotation":0,"texture":"#0","tintindex":0},"north":{"uv":[7.25,3.875,7.6875,4.3125],"rotation":0,"texture":"#0","tintindex":0},"down":{"uv":[7.8125,0.4375,7.375,0.875],"rotation":0,"texture":"#0","tintindex":0},"east":{"uv":[5.875,7.25,6.3125,7.6875],"rotation":0,"texture":"#0","tintindex":0},"west":{"uv":[7.3125,5.5,7.75,5.9375],"rotation":0,"texture":"#0","tintindex":0},"up":{"uv":[0.4375,7.8125,0.0,7.375],"rotation":0,"texture":"#0","tintindex":0}}},{"from":[5.5545926,9.714286,4.9973164],"to":[6.6974497,10.857143,6.711602],"rotation":{"angle":45.0,"axis":"x","origin":[6.1260214,10.285714,5.711602]},"faces":{"south":{"uv":[6.25,9.0625,6.375,9.1875],"rotation":0,"texture":"#0","tintindex":0},"north":{"uv":[6.125,9.0625,6.25,9.1875],"rotation":0,"texture":"#0","tintindex":0},"down":{"uv":[2.5,9.0,2.375,9.1875],"rotation":0,"texture":"#0","tintindex":0},"east":{"uv":[1.6875,9.0,1.875,9.125],"rotation":0,"texture":"#0","tintindex":0},"west":{"uv":[2.0625,9.0,2.25,9.125],"rotation":0,"texture":"#0","tintindex":0},"up":{"uv":[2.375,9.1875,2.25,9.0],"rotation":0,"texture":"#0","tintindex":0}}},{"from":[5.5545926,9.714286,9.283031],"to":[6.6974497,10.857143,10.997316],"rotation":{"angle":-45.0,"axis":"x","origin":[6.1260214,10.285714,10.283031]},"faces":{"south":{"uv":[6.5,9.0625,6.625,9.1875],"rotation":0,"texture":"#0","tintindex":0},"north":{"uv":[6.375,9.0625,6.5,9.1875],"rotation":0,"texture":"#0","tintindex":0},"down":{"uv":[9.125,3.6875,9.0,3.875],"rotation":0,"texture":"#0","tintindex":0},"east":{"uv":[2.5,9.0,2.6875,9.125],"rotation":0,"texture":"#0","tintindex":0},"west":{"uv":[2.875,9.0,3.0625,9.125],"rotation":0,"texture":"#0","tintindex":0},"up":{"uv":[3.75,9.1875,3.625,9.0],"rotation":0,"texture":"#0","tintindex":0}}},{"from":[5.5545926,5.142857,4.9973164],"to":[6.6974497,6.285714,6.711602],"rotation":{"angle":-45.0,"axis":"x","origin":[6.1260214,5.714286,5.711602]},"faces":{"south":{"uv":[6.75,9.0625,6.875,9.1875],"rotation":0,"texture":"#0","tintindex":0},"north":{"uv":[6.625,9.0625,6.75,9.1875],"rotation":0,"texture":"#0","tintindex":0},"down":{"uv":[9.125,4.0,9.0,4.1875],"rotation":0,"texture":"#0","tintindex":0},"east":{"uv":[3.75,9.0,3.9375,9.125],"rotation":0,"texture":"#0","tintindex":0},"west":{"uv":[9.0,3.875,9.1875,4.0],"rotation":0,"texture":"#0","tintindex":0},"up":{"uv":[4.0625,9.1875,3.9375,9.0],"rotation":0,"texture":"#0","tintindex":0}}},{"from":[3.126021,5.142857,7.425888],"to":[4.8403068,6.285714,8.568746],"rotation":{"angle":45.0,"axis":"z","origin":[3.8403068,5.714286,7.997317]},"faces":{"south":{"uv":[5.375,9.0,5.5625,9.125],"rotation":0,"texture":"#0","tintindex":0},"north":{"uv":[5.1875,9.0,5.375,9.125],"rotation":0,"texture":"#0","tintindex":0},"down":{"uv":[9.1875,6.8125,9.0,6.9375],"rotation":0,"texture":"#0","tintindex":0},"east":{"uv":[6.875,9.0625,7.0,9.1875],"rotation":0,"texture":"#0","tintindex":0},"west":{"uv":[7.0,9.0625,7.125,9.1875],"rotation":0,"texture":"#0","tintindex":0},"up":{"uv":[9.1875,6.0625,9.0,5.9375],"rotation":0,"texture":"#0","tintindex":0}}},{"from":[5.5545926,5.142857,9.283031],"to":[6.6974497,6.285714,10.997316],"rotation":{"angle":45.0,"axis":"x","origin":[6.1260214,5.714286,10.283031]},"faces":{"south":{"uv":[7.125,9.0625,7.25,9.1875],"rotation":0,"texture":"#0","tintindex":0},"north":{"uv":[9.0625,7.0,9.1875,7.125],"rotation":0,"texture":"#0","tintindex":0},"down":{"uv":[9.125,8.5,9.0,8.6875],"rotation":0,"texture":"#0","tintindex":0},"east":{"uv":[9.0,8.0625,9.1875,8.1875],"rotation":0,"texture":"#0","tintindex":0},"west":{"uv":[9.0,8.1875,9.1875,8.3125],"rotation":0,"texture":"#0","tintindex":0},"up":{"uv":[9.125,8.5,9.0,8.3125],"rotation":0,"texture":"#0","tintindex":0}}},{"from":[4.1260214,6.0,5.9973164],"to":[8.126021,10.0,9.997316],"rotation":{"angle":0.0,"axis":"y","origin":[10.268879,8.0,7.997317]},"faces":{"south":{"uv":[7.375,1.3125,7.8125,1.75],"rotation":0,"texture":"#0","tintindex":0},"north":{"uv":[7.375,0.875,7.8125,1.3125],"rotation":0,"texture":"#0","tintindex":0},"down":{"uv":[7.8125,4.8125,7.375,5.25],"rotation":0,"texture":"#0","tintindex":0},"east":{"uv":[1.0625,7.375,1.5,7.8125],"rotation":0,"texture":"#0","tintindex":0},"west":{"uv":[2.375,7.375,2.8125,7.8125],"rotation":0,"texture":"#0","tintindex":0},"up":{"uv":[3.25,7.8125,2.8125,7.375],"rotation":0,"texture":"#0","tintindex":0}}}],"textures":{"0":"modelengine:entity/golem_calm"},"display":{"head":{"translation":[0.0,-6.4,0.0],"scale":[4.0,4.0,4.0]}}}