{"elements":[{"from":[5.714286,7.285714,3.8571424],"to":[10.285714,8.428572,8.428572],"rotation":{"angle":0.0,"axis":"y","origin":[6.857143,7.857143,4.428571]},"faces":{"south":{"uv":[6.4375,4.375,6.9375,4.5],"rotation":0,"texture":"#0","tintindex":0},"north":{"uv":[4.375,0.625,4.875,0.75],"rotation":0,"texture":"#0","tintindex":0},"down":{"uv":[0.5,6.875,0.0,7.375],"rotation":0,"texture":"#0","tintindex":0},"east":{"uv":[6.25,5.0,6.75,5.125],"rotation":0,"texture":"#0","tintindex":0},"west":{"uv":[6.625,3.25,7.125,3.375],"rotation":0,"texture":"#0","tintindex":0},"up":{"uv":[7.3125,6.0,6.8125,5.5],"rotation":0,"texture":"#0","tintindex":0}}},{"from":[5.714286,8.428572,3.8571424],"to":[10.285714,9.0,5.5714283],"rotation":{"angle":0.0,"axis":"y","origin":[6.857143,9.0,4.428571]},"faces":{"south":{"uv":[4.375,0.75,4.875,0.8125],"rotation":0,"texture":"#0","tintindex":0},"north":{"uv":[2.875,3.8125,3.375,3.875],"rotation":0,"texture":"#0","tintindex":0},"down":{"uv":[4.375,0.625,3.875,0.8125],"rotation":0,"texture":"#0","tintindex":0},"east":{"uv":[4.125,8.5625,4.3125,8.625],"rotation":0,"texture":"#0","tintindex":0},"west":{"uv":[8.625,0.25,8.8125,0.3125],"rotation":0,"texture":"#0","tintindex":0},"up":{"uv":[3.375,3.8125,2.875,3.625],"rotation":0,"texture":"#0","tintindex":0}}}],"textures":{"0":"modelengine:entity/golem_calm"},"display":{"head":{"translation":[0.0,-6.4,0.0],"scale":[4.0,4.0,4.0]}}}