{"elements":[{"from":[6.282857,3.3862653,7.669176],"to":[9.717143,7.3919797,10.532034],"rotation":{"angle":0.0,"axis":"y","origin":[6.857143,5.103408,8.243462]},"faces":{"south":{"uv":[5.5625,7.6875,5.9375,8.125],"rotation":0,"texture":"#0","tintindex":0},"north":{"uv":[7.6875,3.625,8.0625,4.0625],"rotation":0,"texture":"#0","tintindex":0},"down":{"uv":[1.6875,8.125,1.3125,8.4375],"rotation":0,"texture":"#0","tintindex":0},"east":{"uv":[5.0,7.9375,5.3125,8.375],"rotation":0,"texture":"#0","tintindex":0},"west":{"uv":[1.875,8.0,2.1875,8.4375],"rotation":0,"texture":"#0","tintindex":0},"up":{"uv":[8.375,8.375,8.0,8.0625],"rotation":0,"texture":"#0","tintindex":0}}},{"from":[6.2885714,5.8797245,6.8811264],"to":[9.711429,9.302582,9.732554],"rotation":{"angle":-45.0,"axis":"x","origin":[7.714286,7.591153,8.306841]},"faces":{"south":{"uv":[7.8125,0.3125,8.1875,0.6875],"rotation":0,"texture":"#0","tintindex":0},"north":{"uv":[0.0,7.8125,0.375,8.1875],"rotation":0,"texture":"#0","tintindex":0},"down":{"uv":[6.0625,8.125,5.6875,8.4375],"rotation":0,"texture":"#0","tintindex":0},"east":{"uv":[8.125,1.75,8.4375,2.125],"rotation":0,"texture":"#0","tintindex":0},"west":{"uv":[4.5625,8.125,4.875,8.5],"rotation":0,"texture":"#0","tintindex":0},"up":{"uv":[5.6875,8.4375,5.3125,8.125],"rotation":0,"texture":"#0","tintindex":0}}},{"from":[6.2285714,5.819724,6.821126],"to":[9.771429,9.362581,9.792555],"rotation":{"angle":-45.0,"axis":"x","origin":[7.714286,7.591153,8.306841]},"faces":{"south":{"uv":[0.9375,7.8125,1.3125,8.1875],"rotation":0,"texture":"#0","tintindex":0},"north":{"uv":[7.8125,0.6875,8.1875,1.0625],"rotation":0,"texture":"#0","tintindex":0},"down":{"uv":[8.5625,0.3125,8.1875,0.625],"rotation":0,"texture":"#0","tintindex":0},"east":{"uv":[8.125,6.1875,8.4375,6.5625],"rotation":0,"texture":"#0","tintindex":0},"west":{"uv":[8.125,6.5625,8.4375,6.9375],"rotation":0,"texture":"#0","tintindex":0},"up":{"uv":[0.375,8.5,0.0,8.1875],"rotation":0,"texture":"#0","tintindex":0}}}],"textures":{"0":"modelengine:entity/golem_calm"},"display":{"head":{"translation":[0.0,-6.4,0.0],"scale":[4.0,4.0,4.0]}}}