{"elements":[{"from":[5.100854,7.189753,5.7114286],"to":[8.53514,10.05261,10.288571],"rotation":{"angle":-22.5,"axis":"z","origin":[6.8179975,8.6211815,8.0]},"faces":{"south":{"uv":[8.0625,3.8125,8.4375,4.125],"rotation":0,"texture":"#0","tintindex":0},"north":{"uv":[8.0625,3.5,8.4375,3.8125],"rotation":0,"texture":"#0","tintindex":0},"down":{"uv":[7.875,7.125,7.5,7.625],"rotation":0,"texture":"#0","tintindex":0},"east":{"uv":[7.75,5.5625,8.25,5.875],"rotation":0,"texture":"#0","tintindex":0},"west":{"uv":[7.75,5.875,8.25,6.1875],"rotation":0,"texture":"#0","tintindex":0},"up":{"uv":[7.3125,8.0,6.9375,7.5],"rotation":0,"texture":"#0","tintindex":0}}},{"from":[6.197093,9.403695,7.142857],"to":[7.9113784,11.689409,8.857143],"rotation":{"angle":0.0,"axis":"y","origin":[7.9113784,11.260838,8.0]},"faces":{"south":{"uv":[8.75,0.5625,8.9375,0.8125],"rotation":0,"texture":"#0","tintindex":0},"north":{"uv":[7.8125,8.6875,8.0,8.9375],"rotation":0,"texture":"#0","tintindex":0},"down":{"uv":[9.125,0.4375,8.9375,0.625],"rotation":0,"texture":"#0","tintindex":0},"east":{"uv":[8.0,8.6875,8.1875,8.9375],"rotation":0,"texture":"#0","tintindex":0},"west":{"uv":[2.0625,8.75,2.25,9.0],"rotation":0,"texture":"#0","tintindex":0},"up":{"uv":[8.8125,9.0625,8.625,8.875],"rotation":0,"texture":"#0","tintindex":0}}},{"from":[5.3571653,10.869786,7.1457143],"to":[7.0657363,12.578358,8.854286],"rotation":{"angle":45.0,"axis":"z","origin":[6.4971647,12.295501,8.0]},"faces":{"south":{"uv":[3.125,8.9375,3.3125,9.125],"rotation":0,"texture":"#0","tintindex":0},"north":{"uv":[8.9375,0.625,9.125,0.8125],"rotation":0,"texture":"#0","tintindex":0},"down":{"uv":[4.5,8.9375,4.3125,9.125],"rotation":0,"texture":"#0","tintindex":0},"east":{"uv":[8.9375,2.6875,9.125,2.875],"rotation":0,"texture":"#0","tintindex":0},"west":{"uv":[3.3125,8.9375,3.5,9.125],"rotation":0,"texture":"#0","tintindex":0},"up":{"uv":[9.125,4.4375,8.9375,4.25],"rotation":0,"texture":"#0","tintindex":0}}}],"textures":{"0":"modelengine:entity/golem_calm"},"display":{"head":{"translation":[0.0,-6.4,0.0],"scale":[4.0,4.0,4.0]}}}