{"elements":[{"from":[5.714286,-0.2857151,6.0],"to":[10.285714,8.285714,10.0],"rotation":{"angle":0.0,"axis":"y","origin":[8.285714,1.4285712,8.0]},"faces":{"south":{"uv":[1.25,6.0,1.75,6.9375],"rotation":0,"texture":"#0","tintindex":0},"north":{"uv":[5.5,5.625,6.0,6.5625],"rotation":0,"texture":"#0","tintindex":0},"down":{"uv":[6.9375,7.125,6.4375,7.5625],"rotation":0,"texture":"#0","tintindex":0},"east":{"uv":[6.0,6.3125,6.4375,7.25],"rotation":0,"texture":"#0","tintindex":0},"west":{"uv":[6.375,1.0625,6.8125,2.0],"rotation":0,"texture":"#0","tintindex":0},"up":{"uv":[7.625,2.375,7.125,1.9375],"rotation":0,"texture":"#0","tintindex":0}}},{"from":[6.285714,6.5714283,6.5714283],"to":[8.0,9.428572,9.428572],"rotation":{"angle":45.0,"axis":"z","origin":[7.142857,6.285714,8.0]},"faces":{"south":{"uv":[8.625,5.625,8.8125,5.9375],"rotation":0,"texture":"#0","tintindex":0},"north":{"uv":[4.375,8.625,4.5625,8.9375],"rotation":0,"texture":"#0","tintindex":0},"down":{"uv":[8.8125,8.25,8.625,8.5625],"rotation":0,"texture":"#0","tintindex":0},"east":{"uv":[6.375,8.375,6.6875,8.6875],"rotation":0,"texture":"#0","tintindex":0},"west":{"uv":[8.375,7.3125,8.6875,7.625],"rotation":0,"texture":"#0","tintindex":0},"up":{"uv":[8.8125,8.25,8.625,7.9375],"rotation":0,"texture":"#0","tintindex":0}}}],"textures":{"0":"modelengine:entity/golem_calm"},"display":{"head":{"translation":[0.0,-6.4,0.0],"scale":[4.0,4.0,4.0]}}}