{"elements":[{"from":[8.934263,10.869786,7.1457143],"to":[10.642835,12.578358,8.854286],"rotation":{"angle":-45.0,"axis":"z","origin":[9.502835,12.295501,8.0]},"faces":{"south":{"uv":[6.6875,8.875,6.875,9.0625],"rotation":0,"texture":"#0","tintindex":0},"north":{"uv":[6.3125,8.875,6.5,9.0625],"rotation":0,"texture":"#0","tintindex":0},"down":{"uv":[7.6875,8.875,7.5,9.0625],"rotation":0,"texture":"#0","tintindex":0},"east":{"uv":[6.5,8.875,6.6875,9.0625],"rotation":0,"texture":"#0","tintindex":0},"west":{"uv":[6.875,8.875,7.0625,9.0625],"rotation":0,"texture":"#0","tintindex":0},"up":{"uv":[7.25,9.0625,7.0625,8.875],"rotation":0,"texture":"#0","tintindex":0}}},{"from":[8.088621,9.403695,7.142857],"to":[9.802907,11.689409,8.857143],"rotation":{"angle":0.0,"axis":"y","origin":[8.088621,11.260838,8.0]},"faces":{"south":{"uv":[8.0625,4.4375,8.25,4.6875],"rotation":0,"texture":"#0","tintindex":0},"north":{"uv":[7.625,2.125,7.8125,2.375],"rotation":0,"texture":"#0","tintindex":0},"down":{"uv":[6.3125,8.875,6.125,9.0625],"rotation":0,"texture":"#0","tintindex":0},"east":{"uv":[7.875,7.375,8.0625,7.625],"rotation":0,"texture":"#0","tintindex":0},"west":{"uv":[5.0625,8.6875,5.25,8.9375],"rotation":0,"texture":"#0","tintindex":0},"up":{"uv":[6.125,9.0625,5.9375,8.875],"rotation":0,"texture":"#0","tintindex":0}}},{"from":[7.46486,7.189753,5.7114286],"to":[10.899146,10.05261,10.288571],"rotation":{"angle":22.5,"axis":"z","origin":[9.182003,8.6211815,8.0]},"faces":{"south":{"uv":[8.0625,3.1875,8.4375,3.5],"rotation":0,"texture":"#0","tintindex":0},"north":{"uv":[6.8125,6.0,7.1875,6.3125],"rotation":0,"texture":"#0","tintindex":0},"down":{"uv":[4.5625,7.4375,4.1875,7.9375],"rotation":0,"texture":"#0","tintindex":0},"east":{"uv":[7.75,0.0,8.25,0.3125],"rotation":0,"texture":"#0","tintindex":0},"west":{"uv":[7.75,5.25,8.25,5.5625],"rotation":0,"texture":"#0","tintindex":0},"up":{"uv":[7.8125,2.875,7.4375,2.375],"rotation":0,"texture":"#0","tintindex":0}}}],"textures":{"0":"modelengine:entity/golem_calm"},"display":{"head":{"translation":[0.0,-6.4,0.0],"scale":[4.0,4.0,4.0]}}}