{"elements":[{"from":[6.857143,6.857143,6.357143],"to":[9.142858,9.142858,9.642858],"rotation":{"angle":0.0,"axis":"y","origin":[7.928571,7.714286,5.714286]},"faces":{"south":{"uv":[0.9375,8.5625,1.1875,8.8125],"rotation":0,"texture":"#0","tintindex":0},"north":{"uv":[8.5625,0.875,8.8125,1.125],"rotation":0,"texture":"#0","tintindex":0},"down":{"uv":[8.6875,3.4375,8.4375,3.8125],"rotation":0,"texture":"#0","tintindex":0},"east":{"uv":[3.75,4.5,4.125,4.75],"rotation":0,"texture":"#0","tintindex":0},"west":{"uv":[5.1875,4.5,5.5625,4.75],"rotation":0,"texture":"#0","tintindex":0},"up":{"uv":[8.6875,3.4375,8.4375,3.0625],"rotation":0,"texture":"#0","tintindex":0}}}],"textures":{"0":"modelengine:entity/golem_calm"},"display":{"head":{"translation":[0.0,-6.4,0.0],"scale":[4.0,4.0,4.0]}}}