{"elements":[{"from":[7.428571,12.2448635,9.625816],"to":[8.571428,13.387721,10.768673],"rotation":{"angle":0.0,"axis":"y","origin":[8.0,10.959149,10.768673]},"faces":{"south":{"uv":[8.4375,2.0,8.5625,2.125],"rotation":0,"texture":"#0","tintindex":0},"north":{"uv":[6.9375,4.375,7.0625,4.5],"rotation":0,"texture":"#0","tintindex":0},"down":{"uv":[9.1875,1.625,9.0625,1.75],"rotation":0,"texture":"#0","tintindex":0},"east":{"uv":[7.125,3.25,7.25,3.375],"rotation":0,"texture":"#0","tintindex":0},"west":{"uv":[8.8125,0.4375,8.9375,0.5625],"rotation":0,"texture":"#0","tintindex":0},"up":{"uv":[8.9375,7.3125,8.8125,7.1875],"rotation":0,"texture":"#0","tintindex":0}}},{"from":[6.857143,9.387721,9.340101],"to":[9.142858,12.2448635,11.054388],"rotation":{"angle":0.0,"axis":"y","origin":[8.0,10.959149,10.768673]},"faces":{"south":{"uv":[5.5,8.4375,5.75,8.75],"rotation":0,"texture":"#0","tintindex":0},"north":{"uv":[5.25,8.4375,5.5,8.75],"rotation":0,"texture":"#0","tintindex":0},"down":{"uv":[9.0625,7.875,8.8125,8.0625],"rotation":0,"texture":"#0","tintindex":0},"east":{"uv":[8.625,8.5625,8.8125,8.875],"rotation":0,"texture":"#0","tintindex":0},"west":{"uv":[0.3125,8.6875,0.5,9.0],"rotation":0,"texture":"#0","tintindex":0},"up":{"uv":[9.0625,7.1875,8.8125,7.0],"rotation":0,"texture":"#0","tintindex":0}}},{"from":[6.285714,7.761324,7.35446],"to":[9.714286,10.618467,11.35446],"rotation":{"angle":-45.0,"axis":"x","origin":[8.0,8.332752,9.35446]},"faces":{"south":{"uv":[6.3125,8.0625,6.6875,8.375],"rotation":0,"texture":"#0","tintindex":0},"north":{"uv":[8.0625,4.125,8.4375,4.4375],"rotation":0,"texture":"#0","tintindex":0},"down":{"uv":[7.6875,7.625,7.3125,8.0625],"rotation":0,"texture":"#0","tintindex":0},"east":{"uv":[7.9375,2.875,8.375,3.1875],"rotation":0,"texture":"#0","tintindex":0},"west":{"uv":[4.125,7.9375,4.5625,8.25],"rotation":0,"texture":"#0","tintindex":0},"up":{"uv":[2.875,5.375,2.5,4.9375],"rotation":0,"texture":"#0","tintindex":0}}}],"textures":{"0":"modelengine:entity/golem_calm"},"display":{"head":{"translation":[0.0,-6.4,0.0],"scale":[4.0,4.0,4.0]}}}